-- phpMyAdmin SQL Dump
-- version 5.2.2
-- https://www.phpmyadmin.net/
--

SET SQL_MODE = "NO_AUTO_VALUE_ON_ZERO";
START TRANSACTION;
SET time_zone = "+00:00";


/*!40101 SET @OLD_CHARACTER_SET_CLIENT=@@CHARACTER_SET_CLIENT */;
/*!40101 SET @OLD_CHARACTER_SET_RESULTS=@@CHARACTER_SET_RESULTS */;
/*!40101 SET @OLD_COLLATION_CONNECTION=@@COLLATION_CONNECTION */;
/*!40101 SET NAMES utf8mb4 */;

--
-- Base de données : `carbon`
--

DELIMITER $$
--
-- Fonctions
--
CREATE DEFINER=`root`@`localhost` FUNCTION `remove_accents` (`input_text` VARCHAR(255)) RETURNS VARCHAR(255) CHARSET utf8mb4 DETERMINISTIC BEGIN
    RETURN CONVERT(input_text USING utf8);
END$$

DELIMITER ;

-- --------------------------------------------------------

--
-- Structure de la table `django_migrations`
--

CREATE TABLE `django_migrations` (
  `id` int NOT NULL,
  `app` varchar(255) NOT NULL,
  `name` varchar(255) NOT NULL,
  `applied` datetime(6) NOT NULL
) ENGINE=InnoDB DEFAULT CHARSET=utf8mb4 COLLATE=utf8mb4_0900_ai_ci;

--
-- Déchargement des données de la table `django_migrations`
--

INSERT INTO `django_migrations` (`id`, `app`, `name`, `applied`) VALUES
(1, 'trips', '0001_initial', '2025-06-26 10:11:06.398956'),
(2, 'users', '0001_initial', '2025-06-26 10:11:40.608823'),
(3, 'trips', '0001_initial', '2025-06-26 10:11:06.398956'),
(4, 'users', '0001_initial', '2025-06-26 10:11:40.608823'),
(5, 'trips', '0001_initial', '2025-06-26 10:11:06.398956'),
(6, 'users', '0001_initial', '2025-06-26 10:11:40.608823'),
(7, 'trips', '0002_alter_trip_departure_country_and_more', '2025-06-26 13:41:36.313217');

-- --------------------------------------------------------

--
-- Structure de la table `Employees`
--

CREATE TABLE `Employees` (
  `employee_id` int NOT NULL,
  `first_name` varchar(255) NOT NULL,
  `last_name` varchar(255) NOT NULL,
  `email` varchar(255) NOT NULL,
  `status` varchar(50) NOT NULL
) ENGINE=InnoDB DEFAULT CHARSET=utf8mb4 COLLATE=utf8mb4_0900_ai_ci;

--
-- Déchargement des données de la table `Employees`
--

INSERT INTO `Employees` (`employee_id`, `first_name`, `last_name`, `email`, `status`) VALUES
(1, 'shelly', 'TAYLOR', 'shelly.taylor@lipn.univ-paris13.fr', 'INTERN'),
(2, 'jessica', 'WATSON', 'jessica.watson@lipn.fr', 'INTERN'),
(3, 'frances', 'MILLER', 'frances.miller@lipn.univ-paris13.fr', 'INTERN'),
(4, 'kenneth', 'POLLARD', 'kenneth.pollard@lipn.univ-paris13.fr', 'RESEARCHER'),
(5, 'shelby', 'RICE', 'shelby.rice@lipn.univ-paris13.fr', 'INTERN'),
(6, 'todd', 'THOMAS', 'todd.thomas@lipn.fr', 'DOCTORANT'),
(7, 'maria', 'WALKER', 'maria.walker@lipn.fr', 'DOCTORANT'),
(8, 'eric', 'NUNEZ', 'eric.nunez@lipn.univ-paris13.fr', 'TECHNICIAN'),
(9, 'ryan', 'WASHINGTON', 'ryan.washington@lipn.univ-paris13.fr', 'RESEARCHER'),
(10, 'veronica', 'MILES', 'veronica.miles@lipn.fr', 'INTERN'),
(11, 'james', 'HURLEY', 'james.hurley@lipn.univ-paris13.fr', 'INTERN'),
(12, 'andrea', 'SPEARS', 'andrea.spears@lipn.fr', 'DOCTORANT'),
(13, 'scott', 'MORGAN', 'scott.morgan@lipn.univ-paris13.fr', 'TECHNICIAN'),
(14, 'steven', 'JIMENEZ', 'steven.jimenez@lipn.univ-paris13.fr', 'INTERN'),
(15, 'scott', 'TAYLOR', 'scott.taylor@lipn.fr', 'TECHNICIAN'),
(16, 'david', 'DIXON', 'david.dixon@lipn.fr', 'INTERN'),
(17, 'brandon', 'WILSON', 'brandon.wilson@lipn.fr', 'INTERN'),
(18, 'william', 'TORRES', 'william.torres@lipn.univ-paris13.fr', 'INTERN'),
(19, 'lindsey', 'TRAN', 'lindsey.tran@lipn.fr', 'DOCTORANT'),
(20, 'danny', 'LIN', 'danny.lin@lipn.fr', 'TECHNICIAN'),
(21, 'julia', 'HANCOCK', 'julia.hancock@lipn.univ-paris13.fr', 'DOCTORANT'),
(22, 'anthony', 'JOHNSON', 'anthony.johnson@lipn.univ-paris13.fr', 'TECHNICIAN'),
(23, 'stephen', 'SANCHEZ', 'stephen.sanchez@lipn.fr', 'DOCTORANT'),
(24, 'wyatt', 'BLANKENSHIP', 'wyatt.blankenship@lipn.univ-paris13.fr', 'DOCTORANT'),
(25, 'cynthia', 'ROBINSON', 'cynthia.robinson@lipn.univ-paris13.fr', 'TECHNICIAN'),
(26, 'kelly', 'COLLINS', 'kelly.collins@lipn.univ-paris13.fr', 'INTERN'),
(27, 'ian', 'ROBINSON', 'ian.robinson@lipn.univ-paris13.fr', 'TECHNICIAN'),
(28, 'rachael', 'STEPHENS', 'rachael.stephens@lipn.univ-paris13.fr', 'RESEARCHER'),
(29, 'lorraine', 'DOMINGUEZ', 'lorraine.dominguez@lipn.univ-paris13.fr', 'RESEARCHER'),
(30, 'bianca', 'GONZALES', 'bianca.gonzales@lipn.fr', 'TECHNICIAN'),
(31, 'christopher', 'HARRIS', 'christopher.harris@lipn.fr', 'DOCTORANT'),
(32, 'lisa', 'SHERMAN', 'lisa.sherman@lipn.fr', 'DOCTORANT'),
(33, 'katrina', 'WAGNER', 'katrina.wagner@lipn.univ-paris13.fr', 'INTERN'),
(34, 'michael', 'BELL', 'michael.bell@lipn.univ-paris13.fr', 'TECHNICIAN'),
(35, 'jessica', 'LEE', 'jessica.lee@lipn.univ-paris13.fr', 'TECHNICIAN'),
(36, 'donna', 'UNDERWOOD', 'donna.underwood@lipn.fr', 'DOCTORANT'),
(37, 'frederick', 'GUZMAN', 'frederick.guzman@lipn.univ-paris13.fr', 'TECHNICIAN'),
(38, 'amanda', 'SPENCER', 'amanda.spencer@lipn.univ-paris13.fr', 'DOCTORANT'),
(39, 'diana', 'GARCIA', 'diana.garcia@lipn.univ-paris13.fr', 'RESEARCHER'),
(40, 'gina', 'WEBER', 'gina.weber@lipn.fr', 'INTERN'),
(41, 'david', 'KEITH', 'david.keith@lipn.univ-paris13.fr', 'DOCTORANT'),
(42, 'brian', 'WHITE', 'brian.white@lipn.univ-paris13.fr', 'DOCTORANT'),
(43, 'joseph', 'MILLER', 'joseph.miller@lipn.univ-paris13.fr', 'INTERN'),
(44, 'nicole', 'MOORE', 'nicole.moore@lipn.fr', 'RESEARCHER'),
(45, 'nathaniel', 'COOKE', 'nathaniel.cooke@lipn.fr', 'DOCTORANT'),
(46, 'sherri', 'NORRIS', 'sherri.norris@lipn.univ-paris13.fr', 'INTERN'),
(47, 'joy', 'JACKSON', 'joy.jackson@lipn.univ-paris13.fr', 'INTERN'),
(48, 'paul', 'GRAY', 'paul.gray@lipn.univ-paris13.fr', 'RESEARCHER'),
(49, 'richard', 'SMITH', 'richard.smith@lipn.fr', 'DOCTORANT'),
(50, 'amanda', 'SALAS', 'amanda.salas@lipn.univ-paris13.fr', 'RESEARCHER'),
(51, 'terri', 'ANDERSON', 'terri.anderson@lipn.fr', 'INTERN'),
(52, 'emily', 'WILSON', 'emily.wilson@lipn.univ-paris13.fr', 'INTERN'),
(53, 'jennifer', 'WILSON', 'jennifer.wilson@lipn.fr', 'TECHNICIAN'),
(54, 'kristen', 'HUGHES', 'kristen.hughes@lipn.univ-paris13.fr', 'RESEARCHER'),
(55, 'wanda', 'CARTER', 'wanda.carter@lipn.univ-paris13.fr', 'INTERN'),
(56, 'edward', 'FLORES', 'edward.flores@lipn.univ-paris13.fr', 'DOCTORANT'),
(57, 'andrew', 'DODSON', 'andrew.dodson@lipn.fr', 'DOCTORANT'),
(58, 'robert', 'HARRIS', 'robert.harris@lipn.fr', 'DOCTORANT'),
(59, 'ricky', 'PIERCE', 'ricky.pierce@lipn.univ-paris13.fr', 'DOCTORANT'),
(60, 'amy', 'MITCHELL', 'amy.mitchell@lipn.univ-paris13.fr', 'RESEARCHER'),
(61, 'samantha', 'MACK', 'samantha.mack@lipn.univ-paris13.fr', 'RESEARCHER'),
(62, 'stephen', 'CAIN', 'stephen.cain@lipn.univ-paris13.fr', 'INTERN'),
(63, 'kristina', 'GONZALES', 'kristina.gonzales@lipn.fr', 'TECHNICIAN'),
(64, 'ricky', 'GUTIERREZ', 'ricky.gutierrez@lipn.univ-paris13.fr', 'DOCTORANT'),
(65, 'todd', 'HUFF', 'todd.huff@lipn.fr', 'RESEARCHER'),
(66, 'cameron', 'HALE', 'cameron.hale@lipn.fr', 'INTERN'),
(67, 'michael', 'THOMPSON', 'michael.thompson@lipn.univ-paris13.fr', 'TECHNICIAN'),
(68, 'jennifer', 'ROBINSON', 'jennifer.robinson@lipn.fr', 'INTERN'),
(69, 'kenneth', 'EDWARDS', 'kenneth.edwards@lipn.univ-paris13.fr', 'INTERN'),
(70, 'kathleen', 'GONZALEZ', 'kathleen.gonzalez@lipn.fr', 'DOCTORANT'),
(71, 'darrell', 'REYNOLDS', 'darrell.reynolds@lipn.fr', 'TECHNICIAN'),
(72, 'laura', 'HOUSE', 'laura.house@lipn.fr', 'TECHNICIAN'),
(73, 'paula', 'ROSS', 'paula.ross@lipn.univ-paris13.fr', 'RESEARCHER'),
(74, 'alicia', 'LOPEZ', 'alicia.lopez@lipn.fr', 'INTERN'),
(75, 'sergio', 'WILLIAMS', 'sergio.williams@lipn.univ-paris13.fr', 'TECHNICIAN'),
(76, 'samantha', 'LEE', 'samantha.lee@lipn.fr', 'INTERN'),
(77, 'madeline', 'RODRIGUEZ', 'madeline.rodriguez@lipn.fr', 'RESEARCHER'),
(78, 'michael', 'SMITH', 'michael.smith@lipn.univ-paris13.fr', 'INTERN'),
(79, 'lawrence', 'LAWRENCE', 'lawrence.lawrence@lipn.fr', 'INTERN'),
(80, 'debbie', 'CAMPBELL', 'debbie.campbell@lipn.fr', 'RESEARCHER'),
(81, 'dana', 'ALEXANDER', 'dana.alexander@lipn.univ-paris13.fr', 'RESEARCHER'),
(82, 'sarah', 'PATTERSON', 'sarah.patterson@lipn.fr', 'DOCTORANT'),
(83, 'david', 'SIMON', 'david.simon@lipn.fr', 'TECHNICIAN'),
(84, 'natalie', 'MITCHELL', 'natalie.mitchell@lipn.fr', 'TECHNICIAN'),
(85, 'jessica', 'PERKINS', 'jessica.perkins@lipn.univ-paris13.fr', 'INTERN'),
(86, 'abigail', 'SANDERS', 'abigail.sanders@lipn.fr', 'DOCTORANT'),
(87, 'tyler', 'WALKER', 'tyler.walker@lipn.univ-paris13.fr', 'DOCTORANT'),
(88, 'madison', 'JOHNSON', 'madison.johnson@lipn.fr', 'RESEARCHER'),
(89, 'denise', 'BURGESS', 'denise.burgess@lipn.fr', 'DOCTORANT'),
(90, 'donna', 'SCHNEIDER', 'donna.schneider@lipn.univ-paris13.fr', 'INTERN'),
(91, 'ronald', 'LANG', 'ronald.lang@lipn.fr', 'TECHNICIAN'),
(92, 'david', 'BEST', 'david.best@lipn.fr', 'DOCTORANT'),
(93, 'victoria', 'MARTINEZ', 'victoria.martinez@lipn.fr', 'INTERN'),
(94, 'jessica', 'GARZA', 'jessica.garza@lipn.fr', 'DOCTORANT'),
(95, 'brian', 'CARTER', 'brian.carter@lipn.univ-paris13.fr', 'RESEARCHER'),
(96, 'lauren', 'ALEXANDER', 'lauren.alexander@lipn.fr', 'RESEARCHER'),
(97, 'austin', 'ROSS', 'austin.ross@lipn.fr', 'RESEARCHER'),
(98, 'debbie', 'TYLER', 'debbie.tyler@lipn.fr', 'DOCTORANT'),
(99, 'anthony', 'WEBSTER', 'anthony.webster@lipn.fr', 'RESEARCHER'),
(100, 'anna', 'ELLIS', 'anna.ellis@lipn.fr', 'RESEARCHER'),
(101, 'jerry', 'HOWARD', 'jerry.howard@lipn.univ-paris13.fr', 'RESEARCHER'),
(102, 'kyle', 'SULLIVAN', 'kyle.sullivan@lipn.univ-paris13.fr', 'INTERN'),
(103, 'zachary', 'SHAH', 'zachary.shah@lipn.fr', 'INTERN'),
(104, 'jessica', 'EVANS', 'jessica.evans@lipn.fr', 'RESEARCHER'),
(105, 'heather', 'RIVERA', 'heather.rivera@lipn.fr', 'RESEARCHER'),
(106, 'michael', 'SMITH', 'michael.smith@lipn.fr', 'RESEARCHER'),
(107, 'brett', 'GORDON', 'brett.gordon@lipn.fr', 'DOCTORANT'),
(108, 'andrea', 'BROWN', 'andrea.brown@lipn.fr', 'INTERN'),
(109, 'courtney', 'DUNN', 'courtney.dunn@lipn.univ-paris13.fr', 'INTERN'),
(110, 'victoria', 'MURPHY', 'victoria.murphy@lipn.univ-paris13.fr', 'DOCTORANT'),
(111, 'mary', 'MARTIN', 'mary.martin@lipn.univ-paris13.fr', 'RESEARCHER'),
(112, 'jessica', 'SHEPPARD', 'jessica.sheppard@lipn.fr', 'INTERN'),
(113, 'kimberly', 'ANTHONY', 'kimberly.anthony@lipn.univ-paris13.fr', 'RESEARCHER'),
(114, 'whitney', 'ARMSTRONG', 'whitney.armstrong@lipn.univ-paris13.fr', 'RESEARCHER'),
(115, 'edward', 'MORTON', 'edward.morton@lipn.fr', 'DOCTORANT'),
(116, 'christopher', 'MILLER', 'christopher.miller@lipn.fr', 'RESEARCHER'),
(117, 'aaron', 'SUTTON', 'aaron.sutton@lipn.univ-paris13.fr', 'INTERN'),
(118, 'frederick', 'BUCKLEY', 'frederick.buckley@lipn.fr', 'INTERN'),
(119, 'christopher', 'HILL', 'christopher.hill@lipn.univ-paris13.fr', 'RESEARCHER'),
(120, 'heather', 'HUMPHREY', 'heather.humphrey@lipn.univ-paris13.fr', 'RESEARCHER'),
(121, 'jennifer', 'PIERCE', 'jennifer.pierce@lipn.univ-paris13.fr', 'DOCTORANT'),
(122, 'michael', 'GOMEZ', 'michael.gomez@lipn.univ-paris13.fr', 'RESEARCHER'),
(123, 'johnathan', 'HUANG', 'johnathan.huang@lipn.fr', 'TECHNICIAN'),
(124, 'walter', 'SOTO', 'walter.soto@lipn.univ-paris13.fr', 'DOCTORANT'),
(125, 'john', 'ROGERS', 'john.rogers@lipn.fr', 'DOCTORANT'),
(126, 'leslie', 'ROBERTS', 'leslie.roberts@lipn.fr', 'DOCTORANT'),
(127, 'courtney', 'LEWIS', 'courtney.lewis@lipn.fr', 'RESEARCHER'),
(128, 'kyle', 'WEBB', 'kyle.webb@lipn.univ-paris13.fr', 'DOCTORANT'),
(129, 'eric', 'MCCLURE', 'eric.mcclure@lipn.univ-paris13.fr', 'DOCTORANT'),
(130, 'mark', 'PRICE', 'mark.price@lipn.fr', 'INTERN'),
(131, 'andrea', 'OBRIEN', 'andrea.obrien@lipn.univ-paris13.fr', 'INTERN'),
(132, 'louis', 'COMBS', 'louis.combs@lipn.univ-paris13.fr', 'DOCTORANT'),
(133, 'brandon', 'WHITAKER', 'brandon.whitaker@lipn.fr', 'RESEARCHER'),
(134, 'alex', 'BENSON', 'alex.benson@lipn.univ-paris13.fr', 'TECHNICIAN'),
(135, 'kelsey', 'GARCIA', 'kelsey.garcia@lipn.univ-paris13.fr', 'RESEARCHER'),
(136, 'robert', 'GOMEZ', 'robert.gomez@lipn.fr', 'TECHNICIAN'),
(137, 'angelica', 'FULLER', 'angelica.fuller@lipn.univ-paris13.fr', 'TECHNICIAN'),
(138, 'christy', 'EDWARDS', 'christy.edwards@lipn.univ-paris13.fr', 'TECHNICIAN'),
(139, 'scott', 'BUTLER', 'scott.butler@lipn.univ-paris13.fr', 'TECHNICIAN'),
(140, 'phillip', 'MCDOWELL', 'phillip.mcdowell@lipn.univ-paris13.fr', 'TECHNICIAN'),
(141, 'kimberly', 'SOTO', 'kimberly.soto@lipn.univ-paris13.fr', 'DOCTORANT'),
(142, 'megan', 'HUGHES', 'megan.hughes@lipn.fr', 'RESEARCHER'),
(143, 'timothy', 'CRUZ', 'timothy.cruz@lipn.univ-paris13.fr', 'RESEARCHER'),
(144, 'mark', 'YOUNG', 'mark.young@lipn.univ-paris13.fr', 'INTERN'),
(145, 'marc', 'BISHOP', 'marc.bishop@lipn.univ-paris13.fr', 'RESEARCHER'),
(146, 'melissa', 'STEWART', 'melissa.stewart@lipn.univ-paris13.fr', 'DOCTORANT'),
(147, 'alejandro', 'THOMPSON', 'alejandro.thompson@lipn.fr', 'INTERN'),
(148, 'christina', 'MOORE', 'christina.moore@lipn.fr', 'TECHNICIAN'),
(149, 'bradley', 'FOX', 'bradley.fox@lipn.univ-paris13.fr', 'INTERN'),
(151, 'annette', 'GARCIA', 'annette.garcia@lipn.fr', 'TECHNICIAN'),
(152, 'kathryn', 'DICKSON', 'kathryn.dickson@lipn.fr', 'TECHNICIAN'),
(153, 'kathy', 'COLLINS', 'kathy.collins@lipn.fr', 'TECHNICIAN'),
(154, 'laura', 'ADAMS', 'laura.adams@lipn.fr', 'DOCTORANT'),
(155, 'vanessa', 'CROSS', 'vanessa.cross@lipn.univ-paris13.fr', 'TECHNICIAN'),
(156, 'amanda', 'MARTIN', 'amanda.martin@lipn.fr', 'TECHNICIAN'),
(157, 'diana', 'VILLARREAL', 'diana.villarreal@lipn.univ-paris13.fr', 'RESEARCHER'),
(158, 'beth', 'MURPHY', 'beth.murphy@lipn.univ-paris13.fr', 'TECHNICIAN'),
(159, 'john', 'BURKE', 'john.burke@lipn.univ-paris13.fr', 'TECHNICIAN'),
(160, 'dorothy', 'MCINTYRE', 'dorothy.mcintyre@lipn.fr', 'RESEARCHER'),
(161, 'bryan', 'OCONNOR', 'bryan.oconnor@lipn.univ-paris13.fr', 'DOCTORANT'),
(162, 'maria', 'HARMON', 'maria.harmon@lipn.univ-paris13.fr', 'INTERN'),
(163, 'erica', 'NGUYEN', 'erica.nguyen@lipn.fr', 'TECHNICIAN'),
(164, 'sharon', 'MORRIS', 'sharon.morris@lipn.univ-paris13.fr', 'DOCTORANT'),
(165, 'daniel', 'NELSON', 'daniel.nelson@lipn.fr', 'INTERN'),
(166, 'joe', 'DECKER', 'joe.decker@lipn.univ-paris13.fr', 'RESEARCHER'),
(167, 'nina', 'FRANK', 'nina.frank@lipn.fr', 'INTERN'),
(168, 'dennis', 'BARKER', 'dennis.barker@lipn.univ-paris13.fr', 'DOCTORANT'),
(169, 'brent', 'CLARK', 'brent.clark@lipn.univ-paris13.fr', 'INTERN'),
(170, 'steven', 'GREENE', 'steven.greene@lipn.univ-paris13.fr', 'INTERN'),
(171, 'elizabeth', 'SMITH', 'elizabeth.smith@lipn.fr', 'INTERN'),
(172, 'stephanie', 'COLLINS', 'stephanie.collins@lipn.fr', 'INTERN'),
(173, 'kaitlyn', 'BROOKS', 'kaitlyn.brooks@lipn.univ-paris13.fr', 'RESEARCHER'),
(174, 'tammy', 'SHELTON', 'tammy.shelton@lipn.univ-paris13.fr', 'INTERN'),
(175, 'larry', 'SMITH', 'larry.smith@lipn.fr', 'TECHNICIAN'),
(176, 'robert', 'LAWRENCE', 'robert.lawrence@lipn.fr', 'RESEARCHER'),
(177, 'michael', 'ESPINOZA', 'michael.espinoza@lipn.fr', 'DOCTORANT'),
(178, 'ian', 'WAGNER', 'ian.wagner@lipn.fr', 'INTERN'),
(179, 'john', 'GREEN', 'john.green@lipn.fr', 'INTERN'),
(180, 'sandra', 'MAY', 'sandra.may@lipn.fr', 'INTERN'),
(181, 'timothy', 'HALE', 'timothy.hale@lipn.fr', 'INTERN'),
(182, 'ryan', 'RIVERA', 'ryan.rivera@lipn.univ-paris13.fr', 'INTERN'),
(183, 'john', 'GILBERT', 'john.gilbert@lipn.univ-paris13.fr', 'RESEARCHER'),
(184, 'kimberly', 'MARTINEZ', 'kimberly.martinez@lipn.fr', 'TECHNICIAN'),
(185, 'kimberly', 'STANLEY', 'kimberly.stanley@lipn.fr', 'INTERN'),
(186, 'michael', 'HALL', 'michael.hall@lipn.fr', 'INTERN'),
(187, 'kevin', 'BROWN', 'kevin.brown@lipn.univ-paris13.fr', 'DOCTORANT'),
(188, 'andrew', 'BROWN', 'andrew.brown@lipn.fr', 'INTERN'),
(189, 'nathan', 'RICHARDSON', 'nathan.richardson@lipn.univ-paris13.fr', 'DOCTORANT'),
(190, 'taylor', 'GUTIERREZ', 'taylor.gutierrez@lipn.univ-paris13.fr', 'DOCTORANT'),
(191, 'jaclyn', 'CRAWFORD', 'jaclyn.crawford@lipn.fr', 'TECHNICIAN'),
(192, 'kyle', 'JORDAN', 'kyle.jordan@lipn.univ-paris13.fr', 'RESEARCHER'),
(193, 'daniel', 'ZIMMERMAN', 'daniel.zimmerman@lipn.univ-paris13.fr', 'DOCTORANT'),
(194, 'shawn', 'GARCIA', 'shawn.garcia@lipn.fr', 'INTERN'),
(195, 'victor', 'BOYER', 'victor.boyer@lipn.fr', 'TECHNICIAN'),
(196, 'ashlee', 'HALL', 'ashlee.hall@lipn.univ-paris13.fr', 'RESEARCHER'),
(197, 'angela', 'RICHARDSON', 'angela.richardson@lipn.univ-paris13.fr', 'TECHNICIAN'),
(198, 'justin', 'AUSTIN', 'justin.austin@lipn.univ-paris13.fr', 'RESEARCHER'),
(199, 'valerie', 'POPE', 'valerie.pope@lipn.fr', 'DOCTORANT'),
(200, 'tammy', 'QUINN', 'tammy.quinn@lipn.univ-paris13.fr', 'INTERN'),
(201, 'shelby', 'SMITH', 'shelby.smith@lipn.fr', 'INTERN'),
(202, 'mary', 'WEST', 'mary.west@lipn.univ-paris13.fr', 'RESEARCHER'),
(203, 'molly', 'POWERS', 'molly.powers@lipn.fr', 'INTERN'),
(204, 'jon', 'LITTLE', 'jon.little@lipn.univ-paris13.fr', 'DOCTORANT'),
(205, 'alexis', 'DIAZ', 'alexis.diaz@lipn.fr', 'INTERN'),
(206, 'allen', 'LANE', 'allen.lane@lipn.fr', 'TECHNICIAN'),
(207, 'megan', 'THOMAS', 'megan.thomas@lipn.fr', 'TECHNICIAN'),
(208, 'jim', 'PATTON', 'jim.patton@lipn.univ-paris13.fr', 'DOCTORANT'),
(209, 'tiffany', 'MILLER', 'tiffany.miller@lipn.univ-paris13.fr', 'TECHNICIAN'),
(210, 'natalie', 'CARPENTER', 'natalie.carpenter@lipn.univ-paris13.fr', 'RESEARCHER'),
(211, 'alexandra', 'DOYLE', 'alexandra.doyle@lipn.univ-paris13.fr', 'INTERN'),
(212, 'brian', 'DAVIS', 'brian.davis@lipn.fr', 'INTERN'),
(213, 'tiffany', 'MERRITT', 'tiffany.merritt@lipn.fr', 'TECHNICIAN'),
(214, 'taylor', 'PATTERSON', 'taylor.patterson@lipn.fr', 'RESEARCHER'),
(215, 'robert', 'PEREZ', 'robert.perez@lipn.fr', 'TECHNICIAN'),
(216, 'william', 'DAVIS', 'william.davis@lipn.fr', 'DOCTORANT'),
(217, 'craig', 'REED', 'craig.reed@lipn.fr', 'TECHNICIAN'),
(218, 'bonnie', 'THOMAS', 'bonnie.thomas@lipn.fr', 'INTERN'),
(219, 'danny', 'ANDREWS', 'danny.andrews@lipn.univ-paris13.fr', 'INTERN'),
(220, 'daniel', 'DAVIS', 'daniel.davis@lipn.fr', 'DOCTORANT'),
(221, 'nicolas', 'OCONNELL', 'nicolas.oconnell@lipn.univ-paris13.fr', 'RESEARCHER'),
(222, 'christina', 'PATTERSON', 'christina.patterson@lipn.fr', 'TECHNICIAN'),
(223, 'james', 'TAYLOR', 'james.taylor@lipn.univ-paris13.fr', 'INTERN'),
(224, 'rose', 'WILLIAMS', 'rose.williams@lipn.univ-paris13.fr', 'INTERN'),
(225, 'kevin', 'STEWART', 'kevin.stewart@lipn.univ-paris13.fr', 'INTERN'),
(226, 'tami', 'CANTU', 'tami.cantu@lipn.univ-paris13.fr', 'TECHNICIAN'),
(227, 'william', 'JORDAN', 'william.jordan@lipn.fr', 'TECHNICIAN'),
(228, 'faith', 'MERCADO', 'faith.mercado@lipn.univ-paris13.fr', 'DOCTORANT'),
(229, 'andrew', 'ROSALES', 'andrew.rosales@lipn.univ-paris13.fr', 'RESEARCHER'),
(230, 'david', 'LONG', 'david.long@lipn.fr', 'INTERN'),
(231, 'jessica', 'MASON', 'jessica.mason@lipn.univ-paris13.fr', 'DOCTORANT'),
(232, 'henry', 'RIOS', 'henry.rios@lipn.fr', 'INTERN'),
(233, 'lisa', 'HAMILTON', 'lisa.hamilton@lipn.fr', 'INTERN'),
(234, 'dean', 'JOHNSON', 'dean.johnson@lipn.univ-paris13.fr', 'RESEARCHER'),
(235, 'allison', 'HARRIS', 'allison.harris@lipn.fr', 'RESEARCHER'),
(236, 'mary', 'MARTIN', 'mary.martin@lipn.fr', 'DOCTORANT'),
(237, 'james', 'ANDERSON', 'james.anderson@lipn.fr', 'RESEARCHER'),
(238, 'nathan', 'LEONARD', 'nathan.leonard@lipn.univ-paris13.fr', 'TECHNICIAN'),
(239, 'april', 'ZHANG', 'april.zhang@lipn.univ-paris13.fr', 'DOCTORANT'),
(240, 'randall', 'PARKER', 'randall.parker@lipn.fr', 'DOCTORANT'),
(241, 'michael', 'EDWARDS', 'michael.edwards@lipn.fr', 'DOCTORANT'),
(242, 'pamela', 'RICHARDSON', 'pamela.richardson@lipn.fr', 'DOCTORANT'),
(243, 'paul', 'JOHNSON', 'paul.johnson@lipn.fr', 'RESEARCHER'),
(244, 'keith', 'GIBSON', 'keith.gibson@lipn.univ-paris13.fr', 'INTERN'),
(245, 'crystal', 'TANNER', 'crystal.tanner@lipn.fr', 'RESEARCHER'),
(246, 'benjamin', 'GREEN', 'benjamin.green@lipn.fr', 'INTERN'),
(247, 'donna', 'MORRIS', 'donna.morris@lipn.univ-paris13.fr', 'INTERN'),
(248, 'michael', 'PARKS', 'michael.parks@lipn.univ-paris13.fr', 'TECHNICIAN'),
(249, 'colin', 'ALLEN', 'colin.allen@lipn.univ-paris13.fr', 'INTERN'),
(250, 'christopher', 'GONZALEZ', 'christopher.gonzalez@lipn.univ-paris13.fr', 'INTERN'),
(251, 'jessica', 'WALTERS', 'jessica.walters@lipn.fr', 'INTERN'),
(252, 'james', 'FIELDS', 'james.fields@lipn.univ-paris13.fr', 'TECHNICIAN'),
(253, 'isaiah', 'JONES', 'isaiah.jones@lipn.fr', 'INTERN'),
(254, 'lee', 'CARPENTER', 'lee.carpenter@lipn.fr', 'INTERN'),
(255, 'joseph', 'RYAN', 'joseph.ryan@lipn.univ-paris13.fr', 'RESEARCHER'),
(256, 'aaron', 'GOMEZ', 'aaron.gomez@lipn.univ-paris13.fr', 'INTERN'),
(257, 'amanda', 'BISHOP', 'amanda.bishop@lipn.univ-paris13.fr', 'INTERN'),
(258, 'andrew', 'SCHMIDT', 'andrew.schmidt@lipn.univ-paris13.fr', 'INTERN'),
(259, 'lawrence', 'ROSALES', 'lawrence.rosales@lipn.univ-paris13.fr', 'DOCTORANT'),
(260, 'kevin', 'TODD', 'kevin.todd@lipn.fr', 'RESEARCHER'),
(261, 'matthew', 'GONZALEZ', 'matthew.gonzalez@lipn.univ-paris13.fr', 'TECHNICIAN'),
(262, 'billy', 'CARTER', 'billy.carter@lipn.univ-paris13.fr', 'DOCTORANT'),
(263, 'john', 'DAVIS', 'john.davis@lipn.fr', 'INTERN'),
(264, 'lisa', 'CANTU', 'lisa.cantu@lipn.fr', 'DOCTORANT'),
(265, 'reginald', 'DAUGHERTY', 'reginald.daugherty@lipn.univ-paris13.fr', 'TECHNICIAN'),
(266, 'james', 'GILLESPIE', 'james.gillespie@lipn.univ-paris13.fr', 'RESEARCHER'),
(267, 'olivia', 'KOCH', 'olivia.koch@lipn.fr', 'TECHNICIAN'),
(268, 'zachary', 'COX', 'zachary.cox@lipn.fr', 'TECHNICIAN'),
(269, 'colleen', 'HAMILTON', 'colleen.hamilton@lipn.univ-paris13.fr', 'RESEARCHER'),
(270, 'antonio', 'WILLIAMS', 'antonio.williams@lipn.fr', 'TECHNICIAN'),
(271, 'karla', 'SANTOS', 'karla.santos@lipn.univ-paris13.fr', 'TECHNICIAN'),
(272, 'marc', 'ANDERSON', 'marc.anderson@lipn.fr', 'DOCTORANT'),
(273, 'paul', 'KELLEY', 'paul.kelley@lipn.fr', 'TECHNICIAN'),
(274, 'kimberly', 'MILLER', 'kimberly.miller@lipn.univ-paris13.fr', 'RESEARCHER'),
(275, 'brandi', 'HOWELL', 'brandi.howell@lipn.fr', 'INTERN'),
(276, 'meredith', 'NORRIS', 'meredith.norris@lipn.fr', 'INTERN'),
(277, 'jeff', 'GILES', 'jeff.giles@lipn.univ-paris13.fr', 'INTERN'),
(278, 'michael', 'GARCIA', 'michael.garcia@lipn.fr', 'INTERN'),
(279, 'john', 'FERNANDEZ', 'john.fernandez@lipn.fr', 'RESEARCHER'),
(280, 'brian', 'JENSEN', 'brian.jensen@lipn.fr', 'RESEARCHER'),
(281, 'joseph', 'WELLS', 'joseph.wells@lipn.univ-paris13.fr', 'TECHNICIAN'),
(282, 'taylor', 'INGRAM', 'taylor.ingram@lipn.univ-paris13.fr', 'TECHNICIAN'),
(283, 'janice', 'WATSON', 'janice.watson@lipn.fr', 'INTERN'),
(284, 'brendan', 'PRICE', 'brendan.price@lipn.univ-paris13.fr', 'TECHNICIAN'),
(285, 'matthew', 'COX', 'matthew.cox@lipn.fr', 'DOCTORANT'),
(286, 'paul', 'IBARRA', 'paul.ibarra@lipn.fr', 'TECHNICIAN'),
(287, 'jessica', 'CHAVEZ', 'jessica.chavez@lipn.univ-paris13.fr', 'INTERN'),
(288, 'erin', 'MURRAY', 'erin.murray@lipn.univ-paris13.fr', 'DOCTORANT'),
(289, 'rebekah', 'MELENDEZ', 'rebekah.melendez@lipn.fr', 'RESEARCHER'),
(290, 'curtis', 'GRAY', 'curtis.gray@lipn.fr', 'TECHNICIAN'),
(291, 'roger', 'WILLIS', 'roger.willis@lipn.univ-paris13.fr', 'DOCTORANT'),
(292, 'aaron', 'KIRBY', 'aaron.kirby@lipn.fr', 'DOCTORANT'),
(293, 'brian', 'MILLER', 'brian.miller@lipn.univ-paris13.fr', 'INTERN'),
(294, 'michelle', 'MAY', 'michelle.may@lipn.univ-paris13.fr', 'INTERN'),
(295, 'micheal', 'SMITH', 'micheal.smith@lipn.fr', 'INTERN'),
(296, 'jaime', 'ROGERS', 'jaime.rogers@lipn.fr', 'RESEARCHER'),
(297, 'derrick', 'JOHNSON', 'derrick.johnson@lipn.fr', 'INTERN'),
(298, 'kelly', 'SILVA', 'kelly.silva@lipn.fr', 'DOCTORANT'),
(299, 'paul', 'MARTIN', 'paul.martin@lipn.univ-paris13.fr', 'INTERN'),
(300, 'rebecca', 'HAMILTON', 'rebecca.hamilton@lipn.univ-paris13.fr', 'TECHNICIAN'),
(301, 'adam', 'JUAREZ', 'adam.juarez@lipn.univ-paris13.fr', 'RESEARCHER'),
(302, 'andrew', 'FISCHER', 'andrew.fischer@lipn.univ-paris13.fr', 'TECHNICIAN'),
(303, 'christopher', 'BISHOP', 'christopher.bishop@lipn.fr', 'TECHNICIAN'),
(304, 'sarah', 'WRIGHT', 'sarah.wright@lipn.univ-paris13.fr', 'RESEARCHER'),
(305, 'christie', 'JACKSON', 'christie.jackson@lipn.fr', 'INTERN'),
(306, 'brandon', 'MCDONALD', 'brandon.mcdonald@lipn.univ-paris13.fr', 'RESEARCHER'),
(307, 'lisa', 'RAMOS', 'lisa.ramos@lipn.fr', 'DOCTORANT'),
(308, 'robert', 'MOORE', 'robert.moore@lipn.univ-paris13.fr', 'TECHNICIAN'),
(309, 'joseph', 'BURNETT', 'joseph.burnett@lipn.univ-paris13.fr', 'TECHNICIAN'),
(310, 'albert', 'JOHNSON', 'albert.johnson@lipn.fr', 'TECHNICIAN'),
(311, 'theresa', 'DILLON', 'theresa.dillon@lipn.fr', 'DOCTORANT'),
(312, 'evan', 'LEE', 'evan.lee@lipn.fr', 'TECHNICIAN'),
(313, 'mark', 'MURPHY', 'mark.murphy@lipn.fr', 'RESEARCHER'),
(314, 'wayne', 'SANFORD', 'wayne.sanford@lipn.fr', 'DOCTORANT'),
(315, 'pamela', 'THOMPSON', 'pamela.thompson@lipn.fr', 'TECHNICIAN'),
(316, 'patricia', 'KAISER', 'patricia.kaiser@lipn.fr', 'TECHNICIAN'),
(317, 'jermaine', 'SMITH', 'jermaine.smith@lipn.fr', 'TECHNICIAN'),
(318, 'david', 'MARQUEZ', 'david.marquez@lipn.fr', 'INTERN'),
(319, 'joshua', 'ARROYO', 'joshua.arroyo@lipn.fr', 'TECHNICIAN'),
(320, 'jason', 'GREEN', 'jason.green@lipn.univ-paris13.fr', 'TECHNICIAN'),
(321, 'jennifer', 'POWELL', 'jennifer.powell@lipn.univ-paris13.fr', 'RESEARCHER'),
(322, 'joseph', 'BROWN', 'joseph.brown@lipn.fr', 'INTERN'),
(323, 'justin', 'RAMOS', 'justin.ramos@lipn.fr', 'RESEARCHER'),
(324, 'ricky', 'TATE', 'ricky.tate@lipn.univ-paris13.fr', 'TECHNICIAN'),
(325, 'jackie', 'WILSON', 'jackie.wilson@lipn.univ-paris13.fr', 'DOCTORANT'),
(326, 'charles', 'REYNOLDS', 'charles.reynolds@lipn.univ-paris13.fr', 'TECHNICIAN'),
(327, 'cody', 'HICKS', 'cody.hicks@lipn.univ-paris13.fr', 'RESEARCHER'),
(328, 'david', 'WILLIAMS', 'david.williams@lipn.fr', 'RESEARCHER'),
(329, 'brandi', 'FERNANDEZ', 'brandi.fernandez@lipn.fr', 'RESEARCHER'),
(330, 'melissa', 'ACOSTA', 'melissa.acosta@lipn.fr', 'INTERN'),
(331, 'jessica', 'MCDONALD', 'jessica.mcdonald@lipn.fr', 'TECHNICIAN'),
(332, 'nicholas', 'GREEN', 'nicholas.green@lipn.fr', 'DOCTORANT'),
(333, 'samantha', 'MEJIA', 'samantha.mejia@lipn.fr', 'DOCTORANT'),
(334, 'angela', 'DELEON', 'angela.deleon@lipn.univ-paris13.fr', 'TECHNICIAN'),
(335, 'sarah', 'RAMOS', 'sarah.ramos@lipn.fr', 'TECHNICIAN'),
(336, 'courtney', 'WEISS', 'courtney.weiss@lipn.univ-paris13.fr', 'TECHNICIAN'),
(337, 'elizabeth', 'JONES', 'elizabeth.jones@lipn.univ-paris13.fr', 'DOCTORANT'),
(338, 'derek', 'HUGHES', 'derek.hughes@lipn.fr', 'TECHNICIAN'),
(339, 'jeffrey', 'HODGES', 'jeffrey.hodges@lipn.fr', 'RESEARCHER'),
(340, 'kelsey', 'DIXON', 'kelsey.dixon@lipn.univ-paris13.fr', 'RESEARCHER'),
(341, 'anthony', 'VARGAS', 'anthony.vargas@lipn.univ-paris13.fr', 'INTERN'),
(342, 'kathy', 'HARRIS', 'kathy.harris@lipn.fr', 'TECHNICIAN'),
(343, 'jason', 'SANCHEZ', 'jason.sanchez@lipn.univ-paris13.fr', 'INTERN'),
(344, 'fernando', 'SHAH', 'fernando.shah@lipn.fr', 'DOCTORANT'),
(345, 'kathryn', 'FREDERICK', 'kathryn.frederick@lipn.fr', 'RESEARCHER'),
(346, 'olivia', 'GATES', 'olivia.gates@lipn.fr', 'RESEARCHER'),
(347, 'jose', 'HUNT', 'jose.hunt@lipn.fr', 'INTERN'),
(348, 'joshua', 'CARTER', 'joshua.carter@lipn.fr', 'TECHNICIAN'),
(349, 'jessica', 'SHAFFER', 'jessica.shaffer@lipn.univ-paris13.fr', 'DOCTORANT'),
(350, 'kathryn', 'WINTERS', 'kathryn.winters@lipn.univ-paris13.fr', 'TECHNICIAN'),
(351, 'pamela', 'MILLER', 'pamela.miller@lipn.univ-paris13.fr', 'DOCTORANT'),
(352, 'theresa', 'LAWSON', 'theresa.lawson@lipn.fr', 'RESEARCHER'),
(353, 'zachary', 'MCKEE', 'zachary.mckee@lipn.univ-paris13.fr', 'DOCTORANT'),
(354, 'christina', 'CALLAHAN', 'christina.callahan@lipn.fr', 'INTERN'),
(355, 'benjamin', 'BLACK', 'benjamin.black@lipn.univ-paris13.fr', 'DOCTORANT'),
(356, 'lauren', 'DIAZ', 'lauren.diaz@lipn.univ-paris13.fr', 'INTERN'),
(357, 'carolyn', 'COOPER', 'carolyn.cooper@lipn.fr', 'TECHNICIAN'),
(358, 'sarah', 'BURKE', 'sarah.burke@lipn.univ-paris13.fr', 'RESEARCHER'),
(359, 'michael', 'BOYLE', 'michael.boyle@lipn.fr', 'RESEARCHER'),
(360, 'travis', 'JORDAN', 'travis.jordan@lipn.fr', 'TECHNICIAN'),
(361, 'vanessa', 'PRICE', 'vanessa.price@lipn.fr', 'INTERN'),
(362, 'tracy', 'HARTMAN', 'tracy.hartman@lipn.univ-paris13.fr', 'DOCTORANT'),
(363, 'james', 'CLAY', 'james.clay@lipn.univ-paris13.fr', 'RESEARCHER'),
(364, 'christopher', 'GOODMAN', 'christopher.goodman@lipn.fr', 'DOCTORANT'),
(365, 'harry', 'PEARSON', 'harry.pearson@lipn.univ-paris13.fr', 'RESEARCHER'),
(366, 'valerie', 'STEVENSON', 'valerie.stevenson@lipn.univ-paris13.fr', 'INTERN'),
(367, 'michelle', 'GOODMAN', 'michelle.goodman@lipn.univ-paris13.fr', 'TECHNICIAN'),
(368, 'debra', 'COLLINS', 'debra.collins@lipn.univ-paris13.fr', 'RESEARCHER'),
(369, 'randall', 'SHIELDS', 'randall.shields@lipn.univ-paris13.fr', 'TECHNICIAN'),
(370, 'tammy', 'THOMAS', 'tammy.thomas@lipn.fr', 'INTERN'),
(371, 'stacy', 'RANGEL', 'stacy.rangel@lipn.univ-paris13.fr', 'TECHNICIAN'),
(372, 'scott', 'ONEILL', 'scott.oneill@lipn.fr', 'DOCTORANT'),
(373, 'shannon', 'HAWKINS', 'shannon.hawkins@lipn.fr', 'TECHNICIAN'),
(374, 'john', 'MORGAN', 'john.morgan@lipn.fr', 'INTERN'),
(375, 'megan', 'KIDD', 'megan.kidd@lipn.univ-paris13.fr', 'DOCTORANT'),
(376, 'erica', 'PAGE', 'erica.page@lipn.fr', 'RESEARCHER'),
(377, 'shawn', 'MORRIS', 'shawn.morris@lipn.univ-paris13.fr', 'INTERN'),
(378, 'wendy', 'TUCKER', 'wendy.tucker@lipn.univ-paris13.fr', 'DOCTORANT'),
(379, 'tara', 'BARKER', 'tara.barker@lipn.fr', 'TECHNICIAN'),
(380, 'michael', 'YOUNG', 'michael.young@lipn.fr', 'DOCTORANT'),
(381, 'charles', 'MARTIN', 'charles.martin@lipn.univ-paris13.fr', 'DOCTORANT'),
(382, 'terri', 'ROGERS', 'terri.rogers@lipn.univ-paris13.fr', 'RESEARCHER'),
(383, 'jodi', 'ALLEN', 'jodi.allen@lipn.univ-paris13.fr', 'INTERN'),
(384, 'malik', 'PAGE', 'malik.page@lipn.fr', 'RESEARCHER'),
(385, 'tanya', 'HERRERA', 'tanya.herrera@lipn.univ-paris13.fr', 'INTERN'),
(386, 'jennifer', 'SULLIVAN', 'jennifer.sullivan@lipn.fr', 'RESEARCHER'),
(387, 'kristen', 'LYNCH', 'kristen.lynch@lipn.univ-paris13.fr', 'DOCTORANT'),
(388, 'ashley', 'MILLER', 'ashley.miller@lipn.fr', 'DOCTORANT'),
(389, 'rebecca', 'ELLIS', 'rebecca.ellis@lipn.univ-paris13.fr', 'TECHNICIAN'),
(390, 'jessica', 'LEWIS', 'jessica.lewis@lipn.fr', 'DOCTORANT'),
(391, 'jeffery', 'SANCHEZ', 'jeffery.sanchez@lipn.univ-paris13.fr', 'INTERN'),
(392, 'timothy', 'GREENE', 'timothy.greene@lipn.univ-paris13.fr', 'INTERN'),
(393, 'victoria', 'LLOYD', 'victoria.lloyd@lipn.univ-paris13.fr', 'RESEARCHER'),
(394, 'alexandra', 'LITTLE', 'alexandra.little@lipn.univ-paris13.fr', 'DOCTORANT'),
(395, 'wendy', 'HARRIS', 'wendy.harris@lipn.univ-paris13.fr', 'DOCTORANT'),
(396, 'michael', 'THOMAS', 'michael.thomas@lipn.fr', 'INTERN'),
(397, 'kylie', 'TORRES', 'kylie.torres@lipn.fr', 'RESEARCHER'),
(398, 'christine', 'HESS', 'christine.hess@lipn.univ-paris13.fr', 'INTERN'),
(399, 'chelsea', 'SALAS', 'chelsea.salas@lipn.fr', 'INTERN'),
(400, 'richard', 'CALDWELL', 'richard.caldwell@lipn.univ-paris13.fr', 'TECHNICIAN'),
(401, 'april', 'KERR', 'april.kerr@lipn.fr', 'TECHNICIAN'),
(402, 'curtis', 'CUNNINGHAM', 'curtis.cunningham@lipn.univ-paris13.fr', 'DOCTORANT'),
(403, 'alex', 'TAYLOR', 'alex.taylor@lipn.univ-paris13.fr', 'INTERN'),
(404, 'joanna', 'MEDINA', 'joanna.medina@lipn.fr', 'DOCTORANT'),
(405, 'charles', 'LOWERY', 'charles.lowery@lipn.univ-paris13.fr', 'RESEARCHER'),
(406, 'deborah', 'STRONG', 'deborah.strong@lipn.univ-paris13.fr', 'TECHNICIAN'),
(407, 'micheal', 'MCGEE', 'micheal.mcgee@lipn.univ-paris13.fr', 'TECHNICIAN'),
(408, 'william', 'LARSON', 'william.larson@lipn.univ-paris13.fr', 'TECHNICIAN'),
(409, 'sarah', 'MARTIN', 'sarah.martin@lipn.univ-paris13.fr', 'DOCTORANT'),
(410, 'mindy', 'HOLLOWAY', 'mindy.holloway@lipn.fr', 'INTERN'),
(411, 'jane', 'NELSON', 'jane.nelson@lipn.univ-paris13.fr', 'INTERN'),
(412, 'richard', 'CONTRERAS', 'richard.contreras@lipn.univ-paris13.fr', 'DOCTORANT'),
(413, 'charles', 'JORDAN', 'charles.jordan@lipn.fr', 'TECHNICIAN'),
(414, 'jeffrey', 'VELEZ', 'jeffrey.velez@lipn.univ-paris13.fr', 'DOCTORANT'),
(415, 'joshua', 'BOLTON', 'joshua.bolton@lipn.fr', 'DOCTORANT'),
(416, 'nicole', 'OBRIEN', 'nicole.obrien@lipn.univ-paris13.fr', 'INTERN'),
(417, 'stephen', 'STEWART', 'stephen.stewart@lipn.univ-paris13.fr', 'DOCTORANT'),
(418, 'christopher', 'MURILLO', 'christopher.murillo@lipn.univ-paris13.fr', 'TECHNICIAN'),
(419, 'nicholas', 'WHITE', 'nicholas.white@lipn.fr', 'TECHNICIAN'),
(420, 'laura', 'TAYLOR', 'laura.taylor@lipn.univ-paris13.fr', 'INTERN'),
(421, 'meredith', 'CARTER', 'meredith.carter@lipn.fr', 'INTERN'),
(422, 'jennifer', 'BROWN', 'jennifer.brown@lipn.univ-paris13.fr', 'INTERN'),
(423, 'amber', 'WARREN', 'amber.warren@lipn.fr', 'INTERN'),
(424, 'olivia', 'MONROE', 'olivia.monroe@lipn.fr', 'DOCTORANT'),
(425, 'dustin', 'STEVENS', 'dustin.stevens@lipn.fr', 'DOCTORANT'),
(426, 'sandra', 'ORTIZ', 'sandra.ortiz@lipn.univ-paris13.fr', 'RESEARCHER'),
(427, 'daniel', 'WATSON', 'daniel.watson@lipn.univ-paris13.fr', 'RESEARCHER'),
(428, 'alexis', 'ROMERO', 'alexis.romero@lipn.univ-paris13.fr', 'RESEARCHER'),
(429, 'martin', 'GOULD', 'martin.gould@lipn.fr', 'INTERN'),
(430, 'amanda', 'LUNA', 'amanda.luna@lipn.fr', 'INTERN'),
(431, 'lisa', 'SIMPSON', 'lisa.simpson@lipn.fr', 'RESEARCHER'),
(432, 'william', 'BROWN', 'william.brown@lipn.univ-paris13.fr', 'INTERN'),
(433, 'cody', 'WILLIAMS', 'cody.williams@lipn.fr', 'DOCTORANT'),
(434, 'edward', 'LUCAS', 'edward.lucas@lipn.fr', 'RESEARCHER'),
(435, 'kyle', 'RIVERA', 'kyle.rivera@lipn.univ-paris13.fr', 'INTERN'),
(436, 'robert', 'DAVIS', 'robert.davis@lipn.univ-paris13.fr', 'RESEARCHER'),
(437, 'darin', 'CLARK', 'darin.clark@lipn.univ-paris13.fr', 'INTERN'),
(438, 'paul', 'HENSLEY', 'paul.hensley@lipn.fr', 'TECHNICIAN'),
(439, 'brian', 'BENNETT', 'brian.bennett@lipn.univ-paris13.fr', 'TECHNICIAN'),
(440, 'matthew', 'HENRY', 'matthew.henry@lipn.univ-paris13.fr', 'DOCTORANT'),
(441, 'darren', 'BASS', 'darren.bass@lipn.univ-paris13.fr', 'DOCTORANT'),
(442, 'jessica', 'SHAW', 'jessica.shaw@lipn.univ-paris13.fr', 'INTERN'),
(443, 'anthony', 'SOTO', 'anthony.soto@lipn.univ-paris13.fr', 'RESEARCHER'),
(444, 'courtney', 'COLLINS', 'courtney.collins@lipn.fr', 'DOCTORANT'),
(445, 'christopher', 'SANCHEZ', 'christopher.sanchez@lipn.fr', 'DOCTORANT'),
(446, 'erica', 'THOMAS', 'erica.thomas@lipn.univ-paris13.fr', 'INTERN'),
(447, 'emily', 'MARTIN', 'emily.martin@lipn.univ-paris13.fr', 'TECHNICIAN'),
(448, 'johnny', 'FLOYD', 'johnny.floyd@lipn.fr', 'INTERN'),
(449, 'timothy', 'MARTINEZ', 'timothy.martinez@lipn.fr', 'DOCTORANT'),
(450, 'lauren', 'RIOS', 'lauren.rios@lipn.univ-paris13.fr', 'DOCTORANT'),
(451, 'candice', 'BENJAMIN', 'candice.benjamin@lipn.univ-paris13.fr', 'TECHNICIAN'),
(452, 'john', 'LAM', 'john.lam@lipn.univ-paris13.fr', 'RESEARCHER'),
(453, 'kathleen', 'BROWN', 'kathleen.brown@lipn.fr', 'DOCTORANT'),
(454, 'james', 'CHAPMAN', 'james.chapman@lipn.univ-paris13.fr', 'DOCTORANT'),
(455, 'charles', 'HURLEY', 'charles.hurley@lipn.univ-paris13.fr', 'TECHNICIAN'),
(456, 'brenda', 'JOHNSON', 'brenda.johnson@lipn.univ-paris13.fr', 'INTERN'),
(457, 'austin', 'SMITH', 'austin.smith@lipn.univ-paris13.fr', 'INTERN'),
(458, 'allison', 'ROWLAND', 'allison.rowland@lipn.univ-paris13.fr', 'DOCTORANT'),
(459, 'jacqueline', 'LONG', 'jacqueline.long@lipn.univ-paris13.fr', 'TECHNICIAN'),
(460, 'jerry', 'CORDOVA', 'jerry.cordova@lipn.univ-paris13.fr', 'DOCTORANT'),
(461, 'courtney', 'SMITH', 'courtney.smith@lipn.univ-paris13.fr', 'DOCTORANT'),
(462, 'eric', 'NORTON', 'eric.norton@lipn.univ-paris13.fr', 'DOCTORANT'),
(463, 'katherine', 'HOWELL', 'katherine.howell@lipn.fr', 'RESEARCHER'),
(464, 'katie', 'ROBERTS', 'katie.roberts@lipn.fr', 'TECHNICIAN'),
(465, 'samantha', 'STEPHENS', 'samantha.stephens@lipn.fr', 'DOCTORANT'),
(466, 'alicia', 'MULLEN', 'alicia.mullen@lipn.univ-paris13.fr', 'DOCTORANT'),
(467, 'julian', 'ACOSTA', 'julian.acosta@lipn.univ-paris13.fr', 'TECHNICIAN'),
(468, 'kari', 'HICKS', 'kari.hicks@lipn.fr', 'RESEARCHER'),
(469, 'calvin', 'MONTOYA', 'calvin.montoya@lipn.fr', 'DOCTORANT'),
(470, 'julie', 'ZAMORA', 'julie.zamora@lipn.fr', 'INTERN'),
(471, 'robert', 'WELLS', 'robert.wells@lipn.fr', 'TECHNICIAN'),
(472, 'misty', 'GUZMAN', 'misty.guzman@lipn.fr', 'DOCTORANT'),
(473, 'courtney', 'PERKINS', 'courtney.perkins@lipn.univ-paris13.fr', 'DOCTORANT'),
(474, 'charles', 'HALL', 'charles.hall@lipn.fr', 'TECHNICIAN'),
(475, 'dawn', 'MARSHALL', 'dawn.marshall@lipn.univ-paris13.fr', 'TECHNICIAN'),
(476, 'megan', 'WATSON', 'megan.watson@lipn.fr', 'INTERN'),
(477, 'benjamin', 'LYONS', 'benjamin.lyons@lipn.univ-paris13.fr', 'INTERN'),
(478, 'jeffrey', 'BOYD', 'jeffrey.boyd@lipn.univ-paris13.fr', 'TECHNICIAN'),
(479, 'emily', 'PAYNE', 'emily.payne@lipn.univ-paris13.fr', 'RESEARCHER'),
(480, 'charles', 'HOLLAND', 'charles.holland@lipn.univ-paris13.fr', 'TECHNICIAN'),
(481, 'john', 'WILSON', 'john.wilson@lipn.univ-paris13.fr', 'INTERN'),
(482, 'karla', 'ROBBINS', 'karla.robbins@lipn.univ-paris13.fr', 'INTERN'),
(483, 'sara', 'GREENE', 'sara.greene@lipn.fr', 'INTERN'),
(484, 'kiara', 'ESPINOZA', 'kiara.espinoza@lipn.fr', 'DOCTORANT'),
(485, 'jonathan', 'REED', 'jonathan.reed@lipn.fr', 'RESEARCHER'),
(486, 'ebony', 'ORTIZ', 'ebony.ortiz@lipn.fr', 'TECHNICIAN'),
(487, 'kristi', 'GIBSON', 'kristi.gibson@lipn.univ-paris13.fr', 'INTERN'),
(488, 'robert', 'SPARKS', 'robert.sparks@lipn.fr', 'TECHNICIAN'),
(489, 'patricia', 'KRAMER', 'patricia.kramer@lipn.fr', 'TECHNICIAN'),
(490, 'gregory', 'JAMES', 'gregory.james@lipn.univ-paris13.fr', 'RESEARCHER'),
(491, 'jeffrey', 'BOWERS', 'jeffrey.bowers@lipn.fr', 'TECHNICIAN'),
(492, 'madison', 'MORALES', 'madison.morales@lipn.univ-paris13.fr', 'RESEARCHER'),
(493, 'rachael', 'STOUT', 'rachael.stout@lipn.univ-paris13.fr', 'TECHNICIAN'),
(494, 'megan', 'ESTRADA', 'megan.estrada@lipn.univ-paris13.fr', 'DOCTORANT'),
(495, 'lee', 'DOUGLAS', 'lee.douglas@lipn.univ-paris13.fr', 'DOCTORANT'),
(496, 'travis', 'MATHEWS', 'travis.mathews@lipn.fr', 'INTERN'),
(497, 'angela', 'CARTER', 'angela.carter@lipn.univ-paris13.fr', 'RESEARCHER'),
(498, 'shannon', 'VARGAS', 'shannon.vargas@lipn.fr', 'DOCTORANT'),
(499, 'donna', 'MOORE', 'donna.moore@lipn.univ-paris13.fr', 'DOCTORANT');

--
-- Déclencheurs `Employees`
--
DELIMITER $$
CREATE TRIGGER `before_insert_employee` BEFORE INSERT ON `Employees` FOR EACH ROW BEGIN
    SET NEW.first_name = LOWER(remove_accents(NEW.first_name));
    SET NEW.last_name = UPPER(remove_accents(NEW.last_name));
END
$$
DELIMITER ;
DELIMITER $$
CREATE TRIGGER `before_update_employee` BEFORE UPDATE ON `Employees` FOR EACH ROW BEGIN
    SET NEW.first_name = LOWER(remove_accents(NEW.first_name));
    SET NEW.last_name = UPPER(remove_accents(NEW.last_name));
END
$$
DELIMITER ;
DELIMITER $$
CREATE TRIGGER `validate_email` BEFORE INSERT ON `Employees` FOR EACH ROW BEGIN
    IF NEW.email NOT REGEXP '^[^@]+@lipn\.fr$'
    AND NEW.email NOT REGEXP '^[^@]+@lipn\.univ-paris13\.fr$' THEN
        SIGNAL SQLSTATE '45000' SET MESSAGE_TEXT = 'Invalid email address. Only members of LIPN are allowed!';
    END IF;
END
$$
DELIMITER ;

-- --------------------------------------------------------

--
-- Structure de la table `GroupPermissions`
--

CREATE TABLE `GroupPermissions` (
  `id` int NOT NULL,
  `group` varchar(50) NOT NULL,
  `permission` varchar(50) NOT NULL
) ENGINE=InnoDB DEFAULT CHARSET=utf8mb4 COLLATE=utf8mb4_0900_ai_ci;

--
-- Déchargement des données de la table `GroupPermissions`
--

INSERT INTO `GroupPermissions` (`id`, `group`, `permission`) VALUES
(17, 'MISSIONMANAGER', 'VIEW_TRIP'),
(18, 'MISSIONMANAGER', 'ADD_TRIP'),
(19, 'MISSIONMANAGER', 'DELETE_TRIP'),
(20, 'MISSIONMANAGER', 'CHANGE_TRIP'),
(21, 'MISSIONMANAGER', 'VIEW_MISSION'),
(22, 'MISSIONMANAGER', 'ADD_MISSION'),
(23, 'MISSIONMANAGER', 'DELETE_MISSION'),
(24, 'MISSIONMANAGER', 'CHANGE_MISSION'),
(25, 'MISSIONMANAGER', 'VIEW_EMPLOYEE'),
(26, 'ADMIN', 'VIEW_USER'),
(27, 'ADMIN', 'DELETE_USER'),
(28, 'ADMIN', 'ADD_USER'),
(29, 'ADMIN', 'CHANGE_USER'),
(30, 'ADMIN', 'VIEW_EMPLOYEE'),
(31, 'ADMIN', 'CHANGE_EMPLOYEE'),
(32, 'STANDARD', 'VIEW_TRIP'),
(33, 'MISSIONMANAGER', 'VIEW_TRIP'),
(34, 'MISSIONMANAGER', 'ADD_TRIP'),
(35, 'MISSIONMANAGER', 'DELETE_TRIP'),
(36, 'MISSIONMANAGER', 'CHANGE_TRIP'),
(37, 'MISSIONMANAGER', 'VIEW_MISSION'),
(38, 'MISSIONMANAGER', 'ADD_MISSION'),
(39, 'MISSIONMANAGER', 'DELETE_MISSION'),
(40, 'MISSIONMANAGER', 'CHANGE_MISSION'),
(41, 'MISSIONMANAGER', 'VIEW_EMPLOYEE'),
(42, 'ADMIN', 'VIEW_USER'),
(43, 'ADMIN', 'DELETE_USER'),
(44, 'ADMIN', 'ADD_USER'),
(45, 'ADMIN', 'CHANGE_USER'),
(46, 'ADMIN', 'VIEW_EMPLOYEE'),
(47, 'ADMIN', 'CHANGE_EMPLOYEE'),
(48, 'STANDARD', 'VIEW_TRIP'),
(49, 'MISSIONMANAGER', 'VIEW_TRIP'),
(50, 'MISSIONMANAGER', 'ADD_TRIP'),
(51, 'MISSIONMANAGER', 'DELETE_TRIP'),
(52, 'MISSIONMANAGER', 'CHANGE_TRIP'),
(53, 'MISSIONMANAGER', 'VIEW_MISSION'),
(54, 'MISSIONMANAGER', 'ADD_MISSION'),
(55, 'MISSIONMANAGER', 'DELETE_MISSION'),
(56, 'MISSIONMANAGER', 'CHANGE_MISSION'),
(57, 'MISSIONMANAGER', 'VIEW_EMPLOYEE'),
(58, 'ADMIN', 'VIEW_USER'),
(59, 'ADMIN', 'DELETE_USER'),
(60, 'ADMIN', 'ADD_USER'),
(61, 'ADMIN', 'CHANGE_USER'),
(62, 'ADMIN', 'VIEW_EMPLOYEE'),
(63, 'ADMIN', 'CHANGE_EMPLOYEE'),
(64, 'STANDARD', 'VIEW_TRIP');

-- --------------------------------------------------------

--
-- Structure de la table `Groups`
--

CREATE TABLE `Groups` (
  `group_name` varchar(50) NOT NULL
) ENGINE=InnoDB DEFAULT CHARSET=utf8mb4 COLLATE=utf8mb4_0900_ai_ci;

--
-- Déchargement des données de la table `Groups`
--

INSERT INTO `Groups` (`group_name`) VALUES
('ADMIN'),
('MISSIONMANAGER'),
('STANDARD');

--
-- Déclencheurs `Groups`
--
DELIMITER $$
CREATE TRIGGER `before_insert_group` BEFORE INSERT ON `Groups` FOR EACH ROW BEGIN
    SET NEW.group_name = UPPER(remove_accents(NEW.group_name));
END
$$
DELIMITER ;
DELIMITER $$
CREATE TRIGGER `before_update_group` BEFORE UPDATE ON `Groups` FOR EACH ROW BEGIN
    SET NEW.group_name = UPPER(remove_accents(NEW.group_name));
END
$$
DELIMITER ;

-- --------------------------------------------------------

--
-- Structure de la table `Missions`
--

CREATE TABLE `Missions` (
  `mission_id` int NOT NULL,
  `start_date` date NOT NULL,
  `end_date` date NOT NULL,
  `mission_desc` varchar(255) NOT NULL,
  `employee` int NOT NULL
) ENGINE=InnoDB DEFAULT CHARSET=utf8mb4 COLLATE=utf8mb4_0900_ai_ci;

--
-- Déchargement des données de la table `Missions`
--

INSERT INTO `Missions` (`mission_id`, `start_date`, `end_date`, `mission_desc`, `employee`) VALUES
(102, '2024-04-25', '2024-04-29', 'conf_cooke_13052023', 45),
(103, '2020-06-07', '2020-06-16', 'pro_shah_08092024', 344),
(104, '2025-05-15', '2025-05-17', 'pro_may_06022023', 180),
(105, '2021-07-04', '2021-07-15', 'pro_holland_28022021', 480),
(106, '2020-11-02', '2020-12-01', 'pro_jordan_28042021', 413),
(107, '2023-08-26', '2023-09-19', 'conf_contreras_29112022', 412),
(108, '2022-01-25', '2022-01-30', 'conf_reed_06042025', 217),
(109, '2024-05-01', '2024-05-19', 'conf_williams_27032025', 433),
(110, '2020-06-09', '2020-06-30', 'conf_koch_30072022', 267),
(111, '2023-04-11', '2023-04-19', 'pro_larson_21122023', 408),
(112, '2021-12-22', '2022-01-01', 'pro_koch_10102024', 267),
(113, '2024-12-16', '2025-01-02', 'pro_koch_13082022', 267),
(114, '2020-06-15', '2020-07-10', 'conf_martin_23042021', 381),
(115, '2021-04-18', '2021-04-30', 'conf_martin_06122023', 381),
(116, '2023-06-26', '2023-07-19', 'pro_wright_09062023', 304),
(117, '2025-04-09', '2025-04-29', 'conf_reed_10092020', 217),
(118, '2023-07-20', '2023-08-04', 'conf_contreras_07082020', 412),
(119, '2023-09-04', '2023-09-25', 'conf_weiss_23012024', 336),
(120, '2024-11-17', '2024-12-02', 'pro_allen_21092020', 383),
(121, '2020-11-23', '2020-11-26', 'pro_bell_23052024', 34),
(122, '2021-01-12', '2021-01-21', 'pro_weiss_22092022', 336),
(123, '2021-10-24', '2021-11-06', 'pro_kerr_24032021', 401),
(124, '2021-12-29', '2022-01-02', 'conf_reed_22022021', 217),
(125, '2024-02-05', '2024-02-26', 'pro_cooke_04122022', 45),
(126, '2022-05-22', '2022-06-02', 'conf_harris_03012022', 31),
(127, '2024-09-03', '2024-09-12', 'conf_nelson_13032024', 165),
(128, '2020-11-12', '2020-12-11', 'pro_martin_21062024', 381),
(129, '2024-12-18', '2024-12-31', 'conf_jordan_18122021', 413),
(130, '2020-08-12', '2020-08-21', 'conf_burnett_24022025', 309),
(131, '2021-02-06', '2021-02-08', 'pro_greene_30032025', 483),
(132, '2022-12-18', '2023-01-15', 'conf_hicks_04092020', 468),
(133, '2023-09-05', '2023-09-22', 'pro_morris_21122021', 164),
(134, '2023-09-06', '2023-09-20', 'conf_spears_20072021', 12),
(135, '2024-02-24', '2024-03-02', 'conf_nelson_31072023', 165),
(136, '2022-10-16', '2022-10-18', 'conf_green_05122024', 332),
(137, '2022-05-28', '2022-06-25', 'conf_mercado_23032022', 228),
(138, '2024-11-28', '2024-12-16', 'conf_burnett_19042023', 309),
(139, '2023-02-04', '2023-03-05', 'pro_cordova_19102022', 460),
(140, '2023-01-13', '2023-01-29', 'pro_benson_06012023', 134),
(141, '2021-09-06', '2021-09-16', 'conf_long_23072023', 230),
(142, '2022-01-31', '2022-02-14', 'conf_cantu_08022020', 226),
(143, '2025-02-17', '2025-02-21', 'pro_sheppard_23072022', 112),
(144, '2021-04-18', '2021-04-19', 'pro_long_06122022', 230),
(145, '2024-02-08', '2024-03-06', 'pro_sheppard_03072020', 112),
(146, '2022-05-04', '2022-05-08', 'pro_williams_27012020', 433),
(147, '2023-01-12', '2023-01-20', 'conf_greene_29092023', 483),
(148, '2024-11-08', '2024-12-08', 'conf_sheppard_25072021', 112),
(149, '2022-02-04', '2022-02-28', 'conf_allen_28012025', 383),
(150, '2023-04-24', '2023-04-27', 'conf_stewart_20102024', 225),
(151, '2025-05-03', '2025-05-19', 'conf_guzman_12012025', 472),
(152, '2025-06-04', '2025-06-15', 'conf_hamilton_05102023', 233),
(153, '2023-09-11', '2023-10-06', 'pro_greene_02012022', 483),
(154, '2020-08-03', '2020-08-20', 'pro_cordova_19052023', 460),
(155, '2023-06-11', '2023-07-03', 'conf_cooke_02122024', 45),
(156, '2022-06-13', '2022-06-24', 'conf_rivera_06122022', 435),
(157, '2021-05-01', '2021-05-20', 'pro_merritt_15112022', 213),
(158, '2021-09-04', '2021-09-11', 'conf_greene_05042025', 483),
(159, '2020-07-01', '2020-07-16', 'pro_sheppard_23032021', 112),
(160, '2024-02-04', '2024-02-13', 'conf_ross_15052024', 97),
(161, '2022-01-12', '2022-01-28', 'conf_green_09062021', 332),
(162, '2022-04-05', '2022-04-20', 'pro_wright_14122022', 304),
(163, '2020-03-31', '2020-04-27', 'pro_allen_24032020', 383),
(164, '2021-12-17', '2021-12-26', 'conf_jordan_16112020', 360),
(165, '2020-09-25', '2020-10-05', 'conf_williams_18012022', 433),
(166, '2024-11-05', '2024-12-05', 'conf_allen_16122024', 383),
(167, '2025-02-05', '2025-02-20', 'conf_jordan_04062023', 360),
(168, '2024-05-12', '2024-06-10', 'conf_whitaker_16032024', 133),
(169, '2022-11-24', '2022-11-29', 'conf_whitaker_19102021', 133),
(170, '2022-04-06', '2022-04-30', 'pro_payne_11022023', 479),
(171, '2025-02-06', '2025-02-26', 'pro_mercado_10012021', 228),
(172, '2020-07-08', '2020-08-03', 'conf_koch_18012020', 267),
(173, '2020-12-07', '2020-12-30', 'conf_spears_25092024', 12),
(174, '2022-02-06', '2022-03-02', 'conf_allen_19102021', 383),
(175, '2024-09-24', '2024-10-20', 'pro_edwards_10012025', 138),
(176, '2020-06-24', '2020-07-08', 'conf_whitaker_24062023', 133),
(177, '2020-04-16', '2020-04-20', 'pro_cooke_23122022', 45),
(178, '2020-04-30', '2020-05-04', 'conf_robbins_05062022', 482),
(179, '2024-06-06', '2024-06-12', 'pro_whitaker_03032021', 133),
(180, '2020-12-21', '2021-01-12', 'pro_kerr_28012024', 401),
(181, '2021-04-11', '2021-05-05', 'conf_greene_13022022', 483),
(182, '2022-11-09', '2022-11-27', 'pro_moore_07122021', 308),
(183, '2022-12-23', '2023-01-13', 'pro_shelton_06032024', 174),
(184, '2022-06-24', '2022-07-22', 'pro_whitaker_16022022', 133),
(185, '2021-07-24', '2021-08-02', 'pro_larson_10042025', 408),
(186, '2020-03-12', '2020-03-27', 'conf_may_19122021', 180),
(187, '2024-01-08', '2024-01-21', 'pro_frederick_27022025', 345),
(188, '2022-02-17', '2022-03-16', 'pro_stewart_26032024', 225),
(189, '2024-05-25', '2024-06-01', 'pro_sheppard_11012024', 112),
(190, '2021-05-05', '2021-05-14', 'conf_cantu_01052024', 226),
(191, '2023-05-26', '2023-06-22', 'conf_wright_27062020', 304),
(192, '2020-11-22', '2020-12-22', 'conf_payne_01112021', 479),
(193, '2021-01-05', '2021-01-10', 'conf_morris_17082021', 164),
(194, '2020-05-06', '2020-06-02', 'conf_green_03022023', 332),
(195, '2020-03-20', '2020-04-01', 'conf_rivera_29032022', 435),
(196, '2024-06-11', '2024-06-19', 'pro_mercado_15102023', 228),
(197, '2022-11-10', '2022-12-10', 'conf_holland_09102023', 480),
(198, '2020-04-25', '2020-05-08', 'conf_rivera_03042025', 435),
(199, '2021-05-14', '2021-05-17', 'conf_larson_04042020', 408),
(200, '2023-04-07', '2023-05-07', 'conf_holland_04102022', 480),
(201, '2020-09-23', '2020-10-23', 'pro_long_31122023', 230),
(202, '2023-07-15', '2023-08-08', 'conf_kerr_25102023', 401),
(203, '2024-11-03', '2024-12-02', 'conf_garcia_30112024', 39),
(204, '2020-12-08', '2020-12-18', 'conf_frederick_30052025', 345),
(205, '2020-04-02', '2020-04-19', 'pro_allen_23052022', 383),
(206, '2021-02-04', '2021-02-22', 'pro_koch_01022022', 267),
(207, '2022-03-10', '2022-04-03', 'conf_koch_15012020', 267),
(208, '2022-11-17', '2022-12-13', 'conf_shah_08072020', 344),
(209, '2023-09-04', '2023-09-20', 'conf_merritt_15042020', 213),
(210, '2025-01-12', '2025-02-06', 'pro_kerr_12092023', 401),
(211, '2022-12-03', '2022-12-29', 'pro_merritt_17122023', 213),
(212, '2023-03-16', '2023-03-29', 'pro_harris_16112021', 31),
(213, '2025-02-06', '2025-02-12', 'pro_fernandez_27052023', 279),
(214, '2022-02-03', '2022-02-09', 'pro_kerr_26102023', 401),
(215, '2021-12-06', '2022-01-04', 'pro_jordan_25032020', 360),
(216, '2025-04-05', '2025-04-15', 'conf_koch_22082021', 267),
(217, '2023-07-30', '2023-08-14', 'pro_shah_04042021', 344),
(218, '2025-05-08', '2025-05-27', 'conf_payne_04032020', 479),
(219, '2023-11-16', '2023-11-27', 'conf_spears_20012021', 12),
(220, '2020-02-09', '2020-02-15', 'pro_weiss_15032022', 336),
(221, '2024-09-13', '2024-09-29', 'pro_hicks_07062024', 468),
(222, '2021-12-07', '2021-12-09', 'pro_jordan_15102023', 413),
(223, '2020-12-14', '2021-01-08', 'pro_burnett_03122023', 309),
(224, '2020-03-06', '2020-03-22', 'conf_kerr_27032022', 401),
(225, '2022-02-19', '2022-02-21', 'conf_jordan_08082021', 413),
(226, '2021-10-04', '2021-10-07', 'pro_cooke_12042022', 45),
(227, '2024-07-25', '2024-08-06', 'conf_sheppard_11042020', 112),
(228, '2022-08-10', '2022-08-21', 'pro_rivera_01112020', 435),
(229, '2023-01-08', '2023-02-04', 'pro_cantu_03042023', 226),
(230, '2021-07-13', '2021-07-24', 'pro_burnett_09062023', 309),
(231, '2025-02-11', '2025-02-24', 'pro_martin_23072024', 381),
(232, '2021-03-12', '2021-03-18', 'conf_weiss_10052022', 336),
(233, '2021-12-26', '2022-01-14', 'conf_shelton_23022022', 174),
(234, '2024-03-16', '2024-03-21', 'conf_allen_29122023', 383),
(235, '2024-10-20', '2024-11-14', 'pro_hamilton_25022023', 233),
(236, '2021-04-03', '2021-05-03', 'pro_reed_05012025', 217),
(237, '2024-10-26', '2024-11-16', 'pro_holland_05082022', 480),
(238, '2024-11-21', '2024-12-12', 'conf_jordan_23032022', 360),
(239, '2024-01-29', '2024-02-13', 'pro_burke_25092024', 358),
(240, '2020-05-09', '2020-05-26', 'pro_contreras_29012022', 412),
(241, '2025-05-24', '2025-06-20', 'conf_weiss_09052022', 336),
(242, '2022-07-27', '2022-08-24', 'conf_weiss_22102020', 336),
(243, '2020-05-27', '2020-06-02', 'pro_allen_30072022', 383),
(244, '2022-03-01', '2022-03-19', 'conf_cordova_16092022', 460),
(245, '2023-05-14', '2023-05-28', 'conf_cordova_07062025', 460),
(246, '2020-03-26', '2020-04-07', 'pro_weiss_19102024', 336),
(247, '2023-01-01', '2023-01-05', 'conf_sheppard_10112020', 112),
(248, '2025-01-08', '2025-01-29', 'pro_nelson_25022025', 165),
(249, '2020-08-30', '2020-09-07', 'conf_martin_03042021', 381),
(250, '2020-03-27', '2020-04-14', 'conf_payne_26102024', 479),
(251, '2021-11-14', '2021-12-06', 'pro_shelton_21082020', 174),
(252, '2024-02-15', '2024-03-02', 'pro_shelton_21102020', 174),
(253, '2024-01-11', '2024-01-23', 'pro_sheppard_22072024', 112),
(254, '2023-04-04', '2023-04-06', 'conf_martin_30102024', 381),
(255, '2020-03-17', '2020-04-09', 'pro_garcia_25112020', 39),
(256, '2023-08-05', '2023-09-04', 'conf_ross_07052022', 97),
(257, '2025-06-03', '2025-06-15', 'conf_kerr_07012024', 401),
(258, '2021-06-28', '2021-07-25', 'conf_greene_04102020', 483),
(259, '2024-04-01', '2024-04-19', 'conf_morris_10082023', 164),
(260, '2023-02-10', '2023-02-28', 'conf_harris_25042022', 31),
(261, '2021-10-18', '2021-11-15', 'pro_nelson_17052023', 165),
(262, '2024-08-19', '2024-08-20', 'conf_spears_08062020', 12),
(263, '2024-02-05', '2024-02-25', 'pro_shelton_08052025', 174),
(264, '2023-12-09', '2023-12-13', 'conf_bell_05082020', 34),
(265, '2021-03-20', '2021-04-03', 'pro_burnett_01062024', 309),
(266, '2023-05-22', '2023-06-20', 'conf_cantu_11122024', 226),
(267, '2024-02-26', '2024-03-11', 'conf_cordova_21072023', 460),
(268, '2022-08-31', '2022-09-30', 'conf_stanley_16012025', 185),
(269, '2024-05-12', '2024-05-27', 'pro_sheppard_21012024', 112),
(270, '2023-11-12', '2023-11-21', 'pro_larson_10092020', 408),
(271, '2024-03-05', '2024-03-22', 'pro_burke_14112024', 358),
(272, '2022-08-24', '2022-09-09', 'conf_jordan_15092020', 360),
(273, '2024-10-03', '2024-10-31', 'conf_nelson_26092024', 165),
(274, '2021-02-06', '2021-03-07', 'conf_frederick_08072020', 345),
(275, '2021-12-14', '2022-01-04', 'pro_jordan_08012021', 413),
(276, '2021-07-14', '2021-08-13', 'conf_stewart_24072022', 225),
(277, '2021-01-10', '2021-02-04', 'pro_cordova_14072022', 460),
(278, '2020-09-21', '2020-10-18', 'conf_garcia_15062023', 39),
(279, '2022-12-18', '2023-01-08', 'conf_benson_14042024', 134),
(280, '2023-02-21', '2023-02-22', 'conf_rivera_30012023', 435),
(281, '2023-04-15', '2023-05-06', 'pro_nelson_04092021', 165),
(282, '2025-06-19', '2025-06-25', 'conf_benson_05022020', 134),
(283, '2025-02-11', '2025-02-22', 'pro_green_15122024', 332),
(284, '2024-12-29', '2025-01-14', 'pro_bell_06062020', 34),
(285, '2022-11-07', '2022-11-14', 'conf_green_14112024', 332),
(286, '2023-11-16', '2023-12-14', 'pro_garcia_27062020', 39),
(287, '2022-02-20', '2022-03-14', 'pro_benson_02022021', 134),
(288, '2024-05-17', '2024-06-08', 'conf_holland_22042021', 480),
(289, '2025-05-14', '2025-05-28', 'conf_wright_12042022', 304),
(290, '2025-01-27', '2025-02-21', 'conf_robbins_05072021', 482),
(291, '2020-03-03', '2020-03-06', 'conf_moore_27022021', 308),
(292, '2022-10-17', '2022-11-14', 'pro_williams_24062020', 433),
(293, '2020-06-25', '2020-07-05', 'conf_benson_08022020', 134),
(294, '2020-03-27', '2020-04-05', 'conf_contreras_26102021', 412),
(295, '2024-08-08', '2024-08-11', 'conf_martin_26082023', 381),
(296, '2023-07-04', '2023-07-28', 'conf_spears_15022021', 12),
(297, '2024-12-12', '2024-12-21', 'pro_larson_13122023', 408),
(298, '2024-08-26', '2024-09-20', 'pro_nelson_16032023', 165),
(299, '2020-11-11', '2020-12-04', 'pro_frederick_03092021', 345),
(300, '2024-12-08', '2025-01-02', 'conf_rivera_23112022', 435),
(301, '2020-10-12', '2020-11-07', 'conf_merritt_30072021', 213);

--
-- Déclencheurs `Missions`
--
DELIMITER $$
CREATE TRIGGER `validate_mission_date` BEFORE INSERT ON `Missions` FOR EACH ROW BEGIN
    IF NEW.start_date > CURDATE() AND NEW.end_date > CURDATE() THEN
        SIGNAL SQLSTATE '45000' SET MESSAGE_TEXT = 'Mission date must be at most today (or earlier, of course!)';
    END IF;
    IF NEW.end_date < NEW.start_date THEN
        SIGNAL SQLSTATE '45000' SET MESSAGE_TEXT = 'Mission end date must be after or the same as the start date !';
    END IF;
END
$$
DELIMITER ;

-- --------------------------------------------------------

--
-- Structure de la table `Permissions`
--

CREATE TABLE `Permissions` (
  `permission_name` varchar(50) NOT NULL,
  `permission_desc` varchar(255) NOT NULL
) ENGINE=InnoDB DEFAULT CHARSET=utf8mb4 COLLATE=utf8mb4_0900_ai_ci;

--
-- Déchargement des données de la table `Permissions`
--

INSERT INTO `Permissions` (`permission_name`, `permission_desc`) VALUES
('ADD_EMPLOYEE', 'Can add employee'),
('ADD_GROUP', 'Can add group'),
('ADD_MISSION', 'Can add mission'),
('ADD_PERMISSION', 'Can add permission'),
('ADD_STATUS', 'Can add status'),
('ADD_TRANSPORT', 'Can add transport'),
('ADD_TRIP', 'Can add trip'),
('ADD_USER', 'Can add user'),
('CHANGE_EMPLOYEE', 'Can modify employee'),
('CHANGE_GROUP', 'Can modify group'),
('CHANGE_MISSION', 'Can modify mission'),
('CHANGE_PERMISSION', 'Can modify permission'),
('CHANGE_STATUS', 'Can modify status'),
('CHANGE_TRANSPORT', 'Can modify transport'),
('CHANGE_TRIP', 'Can modify trip'),
('CHANGE_USER', 'Can modify user'),
('DELETE_EMPLOYEE', 'Can delete employee'),
('DELETE_GROUP', 'Can delete group'),
('DELETE_MISSION', 'Can delete mission'),
('DELETE_PERMISSION', 'Can delete permission'),
('DELETE_STATUS', 'Can delete status'),
('DELETE_TRANSPORT', 'Can delete transport'),
('DELETE_TRIP', 'Can delete trip'),
('DELETE_USER', 'Can delete user'),
('VIEW_EMPLOYEE', 'Can view employee'),
('VIEW_GROUP', 'Can view group'),
('VIEW_MISSION', 'Can view mission'),
('VIEW_PERMISSION', 'Can view permission'),
('VIEW_STATUS', 'Can view status'),
('VIEW_TRANSPORT', 'Can view transport'),
('VIEW_TRIP', 'Can view trip'),
('VIEW_USER', 'Can view user');

-- --------------------------------------------------------

--
-- Structure de la table `Status`
--

CREATE TABLE `Status` (
  `status_name` varchar(50) NOT NULL
) ENGINE=InnoDB DEFAULT CHARSET=utf8mb4 COLLATE=utf8mb4_0900_ai_ci;

--
-- Déchargement des données de la table `Status`
--

INSERT INTO `Status` (`status_name`) VALUES
('DOCTORANT'),
('INTERN'),
('RESEARCHER'),
('TECHNICIAN');

-- --------------------------------------------------------

--
-- Structure de la table `Transports`
--

CREATE TABLE `Transports` (
  `transport_name` varchar(50) NOT NULL
) ENGINE=InnoDB DEFAULT CHARSET=utf8mb4 COLLATE=utf8mb4_0900_ai_ci;

--
-- Déchargement des données de la table `Transports`
--

INSERT INTO `Transports` (`transport_name`) VALUES
('BUS'),
('CAB'),
('CAR'),
('FERRY'),
('PLANE'),
('RER'),
('SUBWAY'),
('TRAIN'),
('TRAM');

--
-- Déclencheurs `Transports`
--
DELIMITER $$
CREATE TRIGGER `before_insert_transport` BEFORE INSERT ON `Transports` FOR EACH ROW BEGIN
    SET NEW.transport_name = UPPER(remove_accents(NEW.transport_name));
END
$$
DELIMITER ;
DELIMITER $$
CREATE TRIGGER `before_update_transport` BEFORE UPDATE ON `Transports` FOR EACH ROW BEGIN
    SET NEW.transport_name = UPPER(remove_accents(NEW.transport_name));
END
$$
DELIMITER ;

-- --------------------------------------------------------

--
-- Structure de la table `Trips`
--

CREATE TABLE `Trips` (
  `trip_id` int NOT NULL,
  `departure_city` varchar(255) NOT NULL,
  `departure_country` varchar(2) NOT NULL,
  `destination_city` varchar(255) NOT NULL,
  `destination_country` varchar(2) NOT NULL,
  `is_round_trip` tinyint(1) NOT NULL,
  `carpooling` int UNSIGNED NOT NULL,
  `carbon_footprint` decimal(10,2) NOT NULL,
  `mission` int NOT NULL,
  `transport` varchar(50) NOT NULL
) ;

--
-- Déchargement des données de la table `Trips`
--

INSERT INTO `Trips` (`trip_id`, `departure_city`, `departure_country`, `destination_city`, `destination_country`, `is_round_trip`, `carpooling`, `carbon_footprint`, `mission`, `transport`) VALUES
(1063, 'bruges', 'BE', 'edinburgh', 'GB', 0, 1, 31.98, 163, 'BUS'),
(1066, 'cardiff', 'GB', 'munich', 'DE', 0, 1, 44.54, 208, 'BUS'),
(1067, 'montpellier', 'FR', 'málaga', 'ES', 1, 1, 10.30, 134, 'TRAM'),
(1068, 'birmingham', 'GB', 'charleroi', 'BE', 1, 1, 4.91, 212, 'TRAM'),
(1071, 'glasgow', 'GB', 'sheffield', 'GB', 0, 1, 1.63, 157, 'TRAM'),
(1072, 'lyon', 'FR', 'nantes', 'FR', 1, 2, 433.02, 228, 'CAB'),
(1074, 'turin', 'IT', 'manchester', 'GB', 1, 1, 26.58, 115, 'RER'),
(1075, 'edinburgh', 'GB', 'düsseldorf', 'DE', 1, 1, 66.88, 217, 'BUS'),
(1081, 'sheffield', 'GB', 'london', 'GB', 0, 1, 1.55, 114, 'SUBWAY'),
(1082, 'london', 'GB', 'bremen', 'DE', 0, 1, 187.92, 280, 'PLANE'),
(1085, 'leiden', 'NL', 'cardiff', 'GB', 1, 1, 235.22, 156, 'PLANE'),
(1087, 'maastricht', 'NL', 'marseille', 'FR', 1, 1, 8.32, 211, 'TRAM'),
(1088, 'düsseldorf', 'DE', 'cardiff', 'GB', 0, 1, 676.84, 151, 'FERRY'),
(1091, 'bristol', 'GB', 'almere', 'NL', 0, 1, 2.70, 118, 'TRAM'),
(1092, 'palma de mallorca', 'ES', 'london', 'GB', 1, 1, 30.33, 206, 'RER'),
(1093, 'birmingham', 'GB', 'nice', 'FR', 0, 1, 5.88, 211, 'TRAM'),
(1099, 'leeds', 'GB', 'paris', 'FR', 1, 1, 264.75, 124, 'PLANE'),
(1104, 'nantes', 'FR', 'bologna', 'IT', 0, 1, 1020.35, 275, 'FERRY'),
(1105, 'bordeaux', 'FR', 'florence', 'IT', 1, 1, 21.40, 182, 'RER'),
(1108, 'málaga', 'ES', 'lille', 'FR', 1, 1, 37.41, 183, 'RER'),
(1111, 'leipzig', 'DE', 'sheffield', 'GB', 0, 1, 10.89, 157, 'RER'),
(1115, 'seville', 'ES', 'manchester', 'GB', 1, 1, 201.16, 176, 'TRAIN'),
(1116, 'glasgow', 'GB', 'cardiff', 'GB', 1, 1, 6.69, 102, 'SUBWAY'),
(1117, 'bordeaux', 'FR', 'groningen', 'NL', 1, 1, 14.50, 225, 'SUBWAY'),
(1118, 'leeds', 'GB', 'edinburgh', 'GB', 1, 2, 220.11, 217, 'CAB'),
(1119, 'lille', 'FR', 'venice', 'IT', 0, 5, 46.49, 136, 'CAR'),
(1120, 'cardiff', 'GB', 'bristol', 'GB', 1, 1, 79.15, 164, 'FERRY'),
(1121, 'liverpool', 'GB', 'dortmund', 'DE', 1, 1, 312.48, 196, 'PLANE'),
(1123, 'antwerp', 'BE', 'montpellier', 'FR', 1, 2, 219.15, 163, 'CAR'),
(1124, 'rome', 'IT', 'strasbourg', 'FR', 0, 1, 465.68, 276, 'CAB'),
(1126, 'bristol', 'GB', 'zaragoza', 'ES', 1, 1, 2149.17, 250, 'FERRY'),
(1131, 'brussels', 'BE', 'lyon', 'FR', 0, 1, 171.17, 233, 'PLANE'),
(1132, 'utrecht', 'NL', 'manchester', 'GB', 1, 1, 41.26, 258, 'BUS'),
(1133, 'sheffield', 'GB', 'cardiff', 'GB', 0, 1, 2.72, 134, 'RER'),
(1135, 'bilbao', 'ES', 'lyon', 'FR', 0, 1, 7.61, 297, 'RER'),
(1136, 'alicante', 'ES', 'birmingham', 'GB', 0, 1, 62.68, 104, 'BUS'),
(1137, 'nice', 'FR', 'frankfurt', 'DE', 0, 1, 17.30, 282, 'TRAIN'),
(1138, 'munich', 'DE', 'toulouse', 'FR', 1, 1, 383.98, 278, 'PLANE'),
(1139, 'turin', 'IT', 'london', 'GB', 0, 1, 189.73, 299, 'PLANE'),
(1143, 'edinburgh', 'GB', 'alicante', 'ES', 0, 1, 9.74, 234, 'TRAM'),
(1144, 'strasbourg', 'FR', 'cardiff', 'GB', 0, 4, 295.50, 252, 'CAB'),
(1146, 'venice', 'IT', 'bristol', 'GB', 1, 1, 516.39, 240, 'PLANE'),
(1147, 'lyon', 'FR', 'antwerp', 'BE', 0, 1, 6.86, 195, 'RER'),
(1148, 'brussels', 'BE', 'nice', 'FR', 0, 1, 32.79, 139, 'BUS'),
(1149, 'genoa', 'IT', 'paris', 'FR', 0, 2, 297.07, 177, 'CAB'),
(1152, 'cardiff', 'GB', 'utrecht', 'NL', 0, 1, 3.91, 186, 'SUBWAY'),
(1153, 'strasbourg', 'FR', 'berlin', 'DE', 0, 1, 2.93, 143, 'TRAM'),
(1154, 'nantes', 'FR', 'almere', 'NL', 1, 1, 16.93, 261, 'RER'),
(1158, 'brussels', 'BE', 'montpellier', 'FR', 1, 1, 7.97, 170, 'TRAM'),
(1160, 'bordeaux', 'FR', 'nice', 'FR', 1, 1, 50.71, 210, 'BUS'),
(1165, 'nantes', 'FR', 'sheffield', 'GB', 1, 1, 15.46, 105, 'RER'),
(1167, 'liverpool', 'GB', 'eindhoven', 'NL', 0, 1, 601.24, 205, 'FERRY'),
(1168, 'namur', 'BE', 'strasbourg', 'FR', 1, 1, 6.66, 185, 'RER'),
(1169, 'london', 'GB', 'turin', 'IT', 1, 1, 1799.47, 175, 'FERRY'),
(1171, 'murcia', 'ES', 'nice', 'FR', 0, 1, 37.74, 228, 'BUS'),
(1174, 'charleroi', 'BE', 'marseille', 'FR', 0, 1, 777.59, 205, 'FERRY'),
(1180, 'edinburgh', 'GB', 'bristol', 'GB', 0, 1, 154.33, 112, 'PLANE'),
(1181, 'cardiff', 'GB', 'leiden', 'NL', 0, 1, 2.63, 268, 'TRAM'),
(1184, 'charleroi', 'BE', 'lyon', 'FR', 1, 5, 53.63, 133, 'CAR'),
(1186, 'manchester', 'GB', 'munich', 'DE', 1, 1, 126.04, 207, 'TRAIN'),
(1191, 'rotterdam', 'NL', 'lyon', 'FR', 0, 5, 230.78, 218, 'CAB'),
(1192, 'düsseldorf', 'DE', 'strasbourg', 'FR', 0, 1, 12.01, 116, 'BUS'),
(1197, 'palermo', 'IT', 'cardiff', 'GB', 1, 1, 26.77, 140, 'SUBWAY'),
(1198, 'cardiff', 'GB', 'the hague', 'NL', 1, 1, 57.64, 124, 'TRAIN'),
(1199, 'leipzig', 'DE', 'lyon', 'FR', 0, 1, 9.38, 269, 'RER'),
(1200, 'birmingham', 'GB', 'turin', 'IT', 0, 1, 1058.27, 245, 'FERRY'),
(1203, 'almere', 'NL', 'bristol', 'GB', 0, 3, 203.82, 237, 'CAB'),
(1204, 'brussels', 'BE', 'strasbourg', 'FR', 1, 1, 230.11, 110, 'PLANE'),
(1205, 'dortmund', 'DE', 'cardiff', 'GB', 1, 1, 1441.43, 182, 'FERRY'),
(1206, 'toulouse', 'FR', 'madrid', 'ES', 1, 1, 1083.63, 203, 'FERRY'),
(1208, 'edinburgh', 'GB', 'bremen', 'DE', 1, 1, 11.37, 287, 'SUBWAY'),
(1210, 'genoa', 'IT', 'paris', 'FR', 0, 1, 4.80, 258, 'SUBWAY'),
(1214, 'bordeaux', 'FR', 'leuven', 'BE', 1, 1, 327.36, 242, 'PLANE'),
(1215, 'manchester', 'GB', 'leeds', 'GB', 1, 1, 113.95, 118, 'FERRY'),
(1216, 'genoa', 'IT', 'lille', 'FR', 1, 1, 8.12, 278, 'TRAM'),
(1218, 'sheffield', 'GB', 'marseille', 'FR', 0, 1, 48.88, 280, 'BUS'),
(1224, 'bordeaux', 'FR', 'strasbourg', 'FR', 1, 2, 196.29, 184, 'CAR'),
(1225, 'amsterdam', 'NL', 'birmingham', 'GB', 0, 3, 172.17, 148, 'CAB'),
(1226, 'birmingham', 'GB', 'amsterdam', 'NL', 1, 1, 4.56, 250, 'TRAM'),
(1227, 'nice', 'FR', 'edinburgh', 'GB', 0, 1, 37.23, 166, 'TRAIN'),
(1231, 'marseille', 'FR', 'naples', 'IT', 0, 1, 31.10, 208, 'BUS'),
(1232, 'strasbourg', 'FR', 'hamburg', 'DE', 1, 1, 12.95, 133, 'RER'),
(1233, 'liverpool', 'GB', 'stuttgart', 'DE', 0, 1, 55.04, 239, 'TRAIN'),
(1234, 'manchester', 'GB', 'glasgow', 'GB', 1, 1, 2.92, 279, 'TRAM'),
(1239, 'bruges', 'BE', 'leeds', 'GB', 1, 1, 9.75, 123, 'RER'),
(1241, 'paris', 'FR', 'valencia', 'ES', 0, 1, 5.28, 275, 'TRAM'),
(1244, 'cardiff', 'GB', 'cologne', 'DE', 0, 1, 693.39, 176, 'FERRY'),
(1247, 'edinburgh', 'GB', 'frankfurt', 'DE', 0, 1, 40.71, 161, 'BUS'),
(1248, 'munich', 'DE', 'leeds', 'GB', 1, 1, 574.79, 240, 'CAR'),
(1250, 'florence', 'IT', 'sheffield', 'GB', 1, 1, 566.81, 236, 'PLANE'),
(1251, 'liverpool', 'GB', 'glasgow', 'GB', 0, 1, 98.17, 259, 'PLANE'),
(1254, 'naples', 'IT', 'bordeaux', 'FR', 0, 1, 14.51, 254, 'RER'),
(1257, 'antwerp', 'BE', 'birmingham', 'GB', 0, 1, 18.09, 237, 'BUS'),
(1261, 'bruges', 'BE', 'paris', 'FR', 0, 1, 10.71, 261, 'BUS'),
(1266, 'cardiff', 'GB', 'frankfurt', 'DE', 1, 1, 1657.36, 299, 'FERRY'),
(1270, 'lyon', 'FR', 'lille', 'FR', 0, 1, 2.76, 140, 'TRAM'),
(1272, 'berlin', 'DE', 'lyon', 'FR', 1, 1, 46.77, 213, 'TRAIN'),
(1274, 'hamburg', 'DE', 'strasbourg', 'FR', 0, 1, 27.16, 154, 'BUS'),
(1278, 'lyon', 'FR', 'lille', 'FR', 0, 1, 3.79, 194, 'SUBWAY'),
(1279, 'mechelen', 'BE', 'nantes', 'FR', 1, 1, 8.29, 249, 'SUBWAY'),
(1280, 'glasgow', 'GB', 'toulouse', 'FR', 1, 4, 183.92, 129, 'CAR'),
(1282, 'murcia', 'ES', 'bordeaux', 'FR', 1, 4, 98.69, 239, 'CAR'),
(1284, 'liverpool', 'GB', 'toulouse', 'FR', 0, 1, 1113.44, 279, 'FERRY'),
(1285, 'rome', 'IT', 'bristol', 'GB', 0, 1, 310.47, 213, 'PLANE'),
(1287, 'glasgow', 'GB', 'dortmund', 'DE', 1, 1, 100.85, 215, 'TRAIN'),
(1289, 'sheffield', 'GB', 'london', 'GB', 1, 5, 23.52, 241, 'CAR'),
(1291, 'manchester', 'GB', 'liege', 'BE', 1, 1, 68.82, 195, 'TRAIN'),
(1294, 'cardiff', 'GB', 'bari', 'IT', 0, 1, 106.11, 213, 'TRAIN'),
(1295, 'manchester', 'GB', 'bologna', 'IT', 0, 1, 9.54, 275, 'SUBWAY'),
(1300, 'hamburg', 'DE', 'bristol', 'GB', 1, 1, 366.62, 158, 'PLANE'),
(1303, 'liege', 'BE', 'bristol', 'GB', 1, 1, 64.14, 289, 'TRAIN'),
(1304, 'lille', 'FR', 'palermo', 'IT', 1, 1, 36.36, 167, 'RER'),
(1310, 'turin', 'IT', 'edinburgh', 'GB', 0, 1, 67.67, 121, 'BUS'),
(1312, 'düsseldorf', 'DE', 'montpellier', 'FR', 1, 4, 113.07, 180, 'CAR'),
(1313, 'lille', 'FR', 'stuttgart', 'DE', 1, 1, 4.81, 221, 'TRAM'),
(1315, 'nantes', 'FR', 'manchester', 'GB', 0, 1, 7.87, 224, 'RER'),
(1316, 'leeds', 'GB', 'valencia', 'ES', 0, 1, 7.90, 275, 'TRAM'),
(1321, 'antwerp', 'BE', 'strasbourg', 'FR', 0, 1, 9.09, 282, 'TRAIN'),
(1322, 'marseille', 'FR', 'florence', 'IT', 1, 1, 4.72, 121, 'TRAM'),
(1323, 'amsterdam', 'NL', 'marseille', 'FR', 1, 5, 679.32, 206, 'CAB'),
(1324, 'marseille', 'FR', 'milan', 'IT', 0, 2, 50.13, 179, 'CAR'),
(1325, 'nantes', 'FR', 'bordeaux', 'FR', 0, 1, 269.05, 251, 'FERRY'),
(1328, 'zaragoza', 'ES', 'lyon', 'FR', 1, 3, 111.63, 277, 'CAR'),
(1331, 'berlin', 'DE', 'nice', 'FR', 1, 1, 440.33, 234, 'PLANE'),
(1332, 'the hague', 'NL', 'london', 'GB', 1, 3, 233.04, 268, 'CAB'),
(1334, 'liverpool', 'GB', 'glasgow', 'GB', 1, 1, 2.82, 257, 'TRAM'),
(1335, 'bristol', 'GB', 'almere', 'NL', 1, 1, 240.15, 190, 'PLANE'),
(1338, 'lille', 'FR', 'leuven', 'BE', 0, 1, 1.33, 207, 'RER'),
(1339, 'manchester', 'GB', 'eindhoven', 'NL', 0, 1, 6.43, 219, 'RER'),
(1341, 'toulouse', 'FR', 'eindhoven', 'NL', 0, 1, 22.13, 206, 'TRAIN'),
(1342, 'charleroi', 'BE', 'london', 'GB', 1, 1, 27.25, 202, 'BUS'),
(1343, 'nice', 'FR', 'bremen', 'DE', 1, 1, 14.26, 132, 'SUBWAY'),
(1349, 'leipzig', 'DE', 'sheffield', 'GB', 1, 1, 76.81, 161, 'BUS'),
(1351, 'montpellier', 'FR', 'paris', 'FR', 0, 1, 6.72, 227, 'RER'),
(1353, 'edinburgh', 'GB', 'bremen', 'DE', 0, 4, 293.02, 198, 'CAB'),
(1355, 'brussels', 'BE', 'nantes', 'FR', 0, 1, 577.26, 107, 'FERRY'),
(1356, 'glasgow', 'GB', 'palma de mallorca', 'ES', 0, 1, 104.41, 294, 'TRAIN'),
(1359, 'liege', 'BE', 'liverpool', 'GB', 1, 4, 85.51, 170, 'CAR'),
(1361, 'stuttgart', 'DE', 'leeds', 'GB', 1, 1, 481.11, 297, 'CAR'),
(1362, 'edinburgh', 'GB', 'ghent', 'BE', 0, 1, 695.59, 232, 'FERRY'),
(1363, 'paris', 'FR', 'rotterdam', 'NL', 0, 1, 8.97, 183, 'TRAIN'),
(1365, 'dortmund', 'DE', 'birmingham', 'GB', 0, 1, 3.22, 297, 'TRAM'),
(1367, 'strasbourg', 'FR', 'düsseldorf', 'DE', 0, 1, 3.40, 269, 'RER'),
(1369, 'düsseldorf', 'DE', 'manchester', 'GB', 1, 1, 73.41, 253, 'TRAIN'),
(1375, 'bari', 'IT', 'strasbourg', 'FR', 0, 1, 5.42, 270, 'TRAM'),
(1377, 'cologne', 'DE', 'toulouse', 'FR', 0, 1, 189.35, 226, 'PLANE'),
(1378, 'lyon', 'FR', 'strasbourg', 'FR', 1, 1, 247.71, 260, 'PLANE'),
(1379, 'montpellier', 'FR', 'berlin', 'DE', 0, 1, 244.97, 195, 'PLANE'),
(1380, 'sheffield', 'GB', 'bilbao', 'ES', 0, 1, 5.59, 271, 'TRAM'),
(1381, 'liverpool', 'GB', 'venice', 'IT', 1, 1, 156.97, 138, 'TRAIN'),
(1382, 'leiden', 'NL', 'nice', 'FR', 0, 1, 38.30, 171, 'BUS'),
(1383, 'edinburgh', 'GB', 'düsseldorf', 'DE', 0, 1, 9.48, 237, 'RER'),
(1384, 'maastricht', 'NL', 'nice', 'FR', 0, 1, 232.08, 198, 'PLANE'),
(1386, 'london', 'GB', 'leuven', 'BE', 1, 1, 7.75, 231, 'RER'),
(1388, 'paris', 'FR', 'manchester', 'GB', 0, 1, 24.03, 284, 'BUS'),
(1390, 'manchester', 'GB', 'düsseldorf', 'DE', 0, 1, 647.49, 126, 'FERRY'),
(1391, 'venice', 'IT', 'bordeaux', 'FR', 0, 1, 24.34, 187, 'TRAIN'),
(1392, 'seville', 'ES', 'lille', 'FR', 0, 1, 18.48, 119, 'RER'),
(1397, 'liege', 'BE', 'montpellier', 'FR', 0, 1, 775.85, 240, 'FERRY'),
(1399, 'leipzig', 'DE', 'paris', 'FR', 0, 1, 223.07, 262, 'PLANE'),
(1400, 'cardiff', 'GB', 'naples', 'IT', 1, 1, 197.74, 103, 'TRAIN'),
(1404, 'london', 'GB', 'charleroi', 'BE', 1, 2, 88.62, 145, 'CAR'),
(1405, 'london', 'GB', 'naples', 'IT', 0, 1, 321.01, 166, 'PLANE'),
(1409, 'strasbourg', 'FR', 'bilbao', 'ES', 0, 1, 993.63, 203, 'FERRY'),
(1410, 'glasgow', 'GB', 'montpellier', 'FR', 0, 1, 35.51, 263, 'TRAIN'),
(1413, 'maastricht', 'NL', 'strasbourg', 'FR', 1, 1, 3.97, 222, 'SUBWAY'),
(1414, 'the hague', 'NL', 'lyon', 'FR', 0, 1, 3.48, 280, 'TRAM'),
(1415, 'cardiff', 'GB', 'leuven', 'BE', 1, 1, 12.48, 136, 'RER'),
(1416, 'lyon', 'FR', 'almere', 'NL', 0, 1, 3.64, 149, 'TRAM'),
(1421, 'toulouse', 'FR', 'montpellier', 'FR', 0, 1, 7.79, 266, 'BUS'),
(1423, 'marseille', 'FR', 'dortmund', 'DE', 0, 1, 191.66, 269, 'PLANE'),
(1425, 'liverpool', 'GB', 'naples', 'IT', 0, 1, 1862.09, 237, 'FERRY'),
(1428, 'bristol', 'GB', 'eindhoven', 'NL', 1, 1, 62.09, 151, 'TRAIN'),
(1429, 'nantes', 'FR', 'bari', 'IT', 1, 1, 77.39, 182, 'TRAIN'),
(1434, 'liege', 'BE', 'nantes', 'FR', 0, 1, 25.65, 140, 'BUS'),
(1436, 'marseille', 'FR', 'barcelona', 'ES', 0, 1, 8.11, 189, 'TRAIN'),
(1443, 'rome', 'IT', 'edinburgh', 'GB', 1, 1, 43.50, 130, 'RER'),
(1445, 'edinburgh', 'GB', 'bologna', 'IT', 0, 1, 18.43, 170, 'RER'),
(1447, 'sheffield', 'GB', 'groningen', 'NL', 0, 1, 6.03, 198, 'RER'),
(1449, 'berlin', 'DE', 'edinburgh', 'GB', 1, 1, 25.73, 112, 'RER'),
(1450, 'eindhoven', 'NL', 'montpellier', 'FR', 1, 1, 11.95, 254, 'SUBWAY'),
(1452, 'florence', 'IT', 'leeds', 'GB', 0, 1, 289.51, 103, 'PLANE'),
(1453, 'manchester', 'GB', 'paris', 'FR', 1, 5, 406.35, 128, 'CAB'),
(1457, 'ghent', 'BE', 'marseille', 'FR', 0, 1, 20.91, 228, 'TRAIN'),
(1460, 'rotterdam', 'NL', 'paris', 'FR', 1, 1, 8.43, 231, 'RER'),
(1461, 'nice', 'FR', 'seville', 'ES', 0, 1, 31.68, 272, 'TRAIN'),
(1462, 'seville', 'ES', 'birmingham', 'GB', 0, 1, 11.61, 146, 'SUBWAY'),
(1464, 'nice', 'FR', 'charleroi', 'BE', 1, 1, 870.06, 250, 'CAB'),
(1465, 'alicante', 'ES', 'montpellier', 'FR', 0, 2, 290.35, 190, 'CAB'),
(1471, 'liverpool', 'GB', 'zaragoza', 'ES', 0, 1, 264.65, 260, 'PLANE'),
(1472, 'namur', 'BE', 'montpellier', 'FR', 1, 1, 60.93, 290, 'BUS'),
(1474, 'bristol', 'GB', 'manchester', 'GB', 1, 1, 2.24, 164, 'TRAM'),
(1475, 'genoa', 'IT', 'manchester', 'GB', 1, 1, 103.00, 152, 'BUS'),
(1476, 'the hague', 'NL', 'nice', 'FR', 0, 1, 4.74, 218, 'TRAM'),
(1478, 'munich', 'DE', 'cardiff', 'GB', 0, 1, 7.61, 111, 'SUBWAY'),
(1481, 'bremen', 'DE', 'birmingham', 'GB', 1, 1, 80.22, 176, 'TRAIN'),
(1482, 'mechelen', 'BE', 'paris', 'FR', 1, 1, 2.84, 193, 'TRAM'),
(1484, 'naples', 'IT', 'liverpool', 'GB', 0, 1, 21.45, 263, 'RER'),
(1492, 'montpellier', 'FR', 'maastricht', 'NL', 1, 1, 8.08, 192, 'TRAM'),
(1501, 'bari', 'IT', 'liverpool', 'GB', 0, 1, 1972.09, 196, 'FERRY'),
(1504, 'liverpool', 'GB', 'strasbourg', 'FR', 1, 1, 1804.98, 135, 'FERRY'),
(1505, 'liverpool', 'GB', 'edinburgh', 'GB', 0, 1, 158.86, 132, 'CAB'),
(1508, 'berlin', 'DE', 'glasgow', 'GB', 1, 1, 486.87, 237, 'PLANE'),
(1511, 'liege', 'BE', 'bordeaux', 'FR', 0, 2, 102.45, 169, 'CAR'),
(1513, 'nice', 'FR', 'manchester', 'GB', 1, 1, 29.11, 268, 'RER'),
(1515, 'venice', 'IT', 'birmingham', 'GB', 0, 1, 6.42, 253, 'TRAM'),
(1517, 'lyon', 'FR', 'valencia', 'ES', 0, 3, 305.84, 256, 'CAB'),
(1518, 'rotterdam', 'NL', 'nantes', 'FR', 1, 5, 70.36, 141, 'CAR'),
(1520, 'montpellier', 'FR', 'nantes', 'FR', 0, 1, 175.41, 149, 'PLANE'),
(1521, 'nice', 'FR', 'leeds', 'GB', 1, 5, 133.81, 238, 'CAR'),
(1524, 'london', 'GB', 'murcia', 'ES', 1, 1, 33.95, 226, 'RER'),
(1525, 'paris', 'FR', 'liverpool', 'GB', 1, 1, 1226.91, 288, 'FERRY'),
(1526, 'rotterdam', 'NL', 'glasgow', 'GB', 0, 1, 28.61, 296, 'BUS'),
(1528, 'bristol', 'GB', 'manchester', 'GB', 0, 1, 12.57, 207, 'TRAIN'),
(1530, 'eindhoven', 'NL', 'liverpool', 'GB', 0, 1, 34.08, 276, 'TRAIN'),
(1531, 'paris', 'FR', 'florence', 'IT', 0, 1, 10.02, 282, 'RER'),
(1534, 'strasbourg', 'FR', 'málaga', 'ES', 1, 1, 131.13, 219, 'BUS'),
(1535, 'palma de mallorca', 'ES', 'liverpool', 'GB', 0, 5, 537.06, 173, 'CAB'),
(1536, 'lyon', 'FR', 'bristol', 'GB', 0, 1, 216.16, 164, 'CAR'),
(1540, 'montpellier', 'FR', 'tilburg', 'NL', 1, 1, 368.64, 183, 'PLANE'),
(1542, 'barcelona', 'ES', 'bordeaux', 'FR', 0, 1, 17.70, 126, 'BUS'),
(1543, 'leeds', 'GB', 'liege', 'BE', 1, 1, 8.13, 189, 'SUBWAY'),
(1544, 'dortmund', 'DE', 'toulouse', 'FR', 1, 1, 9.78, 206, 'TRAM'),
(1545, 'madrid', 'ES', 'cardiff', 'GB', 1, 1, 1380.06, 147, 'CAB'),
(1546, 'bordeaux', 'FR', 'namur', 'BE', 0, 1, 29.69, 169, 'BUS'),
(1548, 'bordeaux', 'FR', 'charleroi', 'BE', 1, 1, 57.64, 298, 'BUS'),
(1550, 'hamburg', 'DE', 'nice', 'FR', 0, 5, 374.41, 199, 'CAB'),
(1555, 'toulouse', 'FR', 'namur', 'BE', 0, 1, 19.33, 251, 'TRAIN'),
(1557, 'zaragoza', 'ES', 'lille', 'FR', 0, 1, 7.10, 176, 'SUBWAY'),
(1558, 'seville', 'ES', 'edinburgh', 'GB', 1, 1, 196.36, 110, 'BUS'),
(1559, 'paris', 'FR', 'birmingham', 'GB', 0, 1, 153.98, 147, 'PLANE'),
(1560, 'sheffield', 'GB', 'brussels', 'BE', 0, 1, 19.37, 266, 'BUS'),
(1561, 'bruges', 'BE', 'sheffield', 'GB', 1, 1, 207.13, 128, 'CAR'),
(1563, 'cardiff', 'GB', 'london', 'GB', 0, 1, 1.44, 260, 'SUBWAY'),
(1564, 'toulouse', 'FR', 'almere', 'NL', 1, 1, 415.87, 232, 'PLANE'),
(1565, 'madrid', 'ES', 'nantes', 'FR', 0, 4, 50.17, 130, 'CAR'),
(1566, 'rotterdam', 'NL', 'paris', 'FR', 0, 1, 8.97, 215, 'TRAIN'),
(1569, 'hamburg', 'DE', 'london', 'GB', 0, 1, 186.55, 291, 'CAR'),
(1571, 'leuven', 'BE', 'cardiff', 'GB', 0, 1, 2.74, 153, 'TRAM'),
(1572, 'rotterdam', 'NL', 'lyon', 'FR', 1, 1, 292.93, 139, 'PLANE'),
(1573, 'paris', 'FR', 'strasbourg', 'FR', 1, 1, 3.95, 238, 'TRAIN'),
(1574, 'bilbao', 'ES', 'london', 'GB', 0, 1, 6.40, 183, 'SUBWAY'),
(1575, 'groningen', 'NL', 'glasgow', 'GB', 0, 5, 254.31, 161, 'CAB'),
(1576, 'mechelen', 'BE', 'london', 'GB', 1, 1, 7.33, 241, 'RER'),
(1580, 'london', 'GB', 'palermo', 'IT', 0, 1, 20.57, 163, 'RER'),
(1581, 'tilburg', 'NL', 'bordeaux', 'FR', 1, 1, 355.91, 130, 'PLANE'),
(1582, 'bruges', 'BE', 'edinburgh', 'GB', 0, 1, 31.98, 163, 'BUS'),
(1585, 'birmingham', 'GB', 'sheffield', 'GB', 0, 1, 1.18, 193, 'RER'),
(1588, 'glasgow', 'GB', 'venice', 'IT', 0, 1, 18.48, 105, 'RER'),
(1592, 'glasgow', 'GB', 'almere', 'NL', 0, 1, 40.41, 295, 'TRAIN'),
(1593, 'zaragoza', 'ES', 'bristol', 'GB', 1, 2, 283.98, 259, 'CAR'),
(1594, 'lyon', 'FR', 'montpellier', 'FR', 0, 1, 245.08, 157, 'FERRY'),
(1596, 'mechelen', 'BE', 'strasbourg', 'FR', 0, 1, 351.40, 129, 'FERRY'),
(1597, 'montpellier', 'FR', 'manchester', 'GB', 0, 1, 13.37, 250, 'RER'),
(1600, 'bordeaux', 'FR', 'amsterdam', 'NL', 0, 1, 22.28, 246, 'TRAIN'),
(1602, 'ghent', 'BE', 'leeds', 'GB', 0, 1, 26.06, 132, 'TRAIN'),
(1603, 'venice', 'IT', 'nice', 'FR', 1, 1, 4.41, 142, 'TRAM'),
(1604, 'leeds', 'GB', 'bremen', 'DE', 1, 1, 6.83, 159, 'TRAM'),
(1605, 'zaragoza', 'ES', 'birmingham', 'GB', 1, 2, 312.11, 157, 'CAR'),
(1607, 'nice', 'FR', 'bristol', 'GB', 0, 1, 12.79, 235, 'RER'),
(1608, 'bordeaux', 'FR', 'marseille', 'FR', 0, 1, 20.10, 153, 'BUS'),
(1613, 'birmingham', 'GB', 'madrid', 'ES', 1, 2, 348.82, 259, 'CAR'),
(1615, 'lyon', 'FR', 'bilbao', 'ES', 0, 1, 378.42, 195, 'CAB'),
(1616, 'brussels', 'BE', 'paris', 'FR', 0, 1, 1.80, 232, 'SUBWAY'),
(1619, 'glasgow', 'GB', 'madrid', 'ES', 1, 1, 38.75, 263, 'RER'),
(1621, 'leipzig', 'DE', 'bordeaux', 'FR', 0, 3, 103.53, 206, 'CAR'),
(1623, 'bordeaux', 'FR', 'lyon', 'FR', 0, 5, 146.40, 280, 'CAB'),
(1624, 'leeds', 'GB', 'seville', 'ES', 0, 1, 1817.17, 175, 'FERRY'),
(1625, 'birmingham', 'GB', 'leipzig', 'DE', 0, 1, 6.70, 178, 'SUBWAY'),
(1627, 'liege', 'BE', 'glasgow', 'GB', 1, 4, 611.21, 274, 'CAB'),
(1628, 'liverpool', 'GB', 'venice', 'IT', 0, 1, 282.96, 236, 'PLANE'),
(1629, 'bristol', 'GB', 'milan', 'IT', 1, 5, 735.06, 185, 'CAB'),
(1631, 'lyon', 'FR', 'edinburgh', 'GB', 0, 1, 8.59, 150, 'SUBWAY'),
(1633, 'tilburg', 'NL', 'nice', 'FR', 1, 1, 12.08, 177, 'SUBWAY'),
(1634, 'charleroi', 'BE', 'montpellier', 'FR', 0, 1, 5.15, 264, 'SUBWAY'),
(1635, 'nice', 'FR', 'leiden', 'NL', 0, 1, 197.92, 173, 'PLANE'),
(1636, 'paris', 'FR', 'zaragoza', 'ES', 0, 1, 241.25, 178, 'PLANE'),
(1637, 'antwerp', 'BE', 'london', 'GB', 1, 1, 35.06, 127, 'TRAIN'),
(1638, 'cardiff', 'GB', 'paris', 'FR', 1, 5, 50.51, 106, 'CAR'),
(1639, 'utrecht', 'NL', 'edinburgh', 'GB', 0, 1, 676.87, 178, 'FERRY'),
(1644, 'tilburg', 'NL', 'nice', 'FR', 0, 1, 21.32, 293, 'TRAIN'),
(1645, 'montpellier', 'FR', 'leeds', 'GB', 1, 1, 11.88, 293, 'TRAM'),
(1649, 'hamburg', 'DE', 'montpellier', 'FR', 0, 1, 1167.29, 277, 'FERRY'),
(1653, 'liege', 'BE', 'toulouse', 'FR', 1, 1, 350.83, 110, 'PLANE'),
(1654, 'mechelen', 'BE', 'london', 'GB', 1, 1, 217.19, 210, 'PLANE'),
(1655, 'sheffield', 'GB', 'lyon', 'FR', 0, 1, 38.22, 228, 'BUS'),
(1656, 'london', 'GB', 'bristol', 'GB', 0, 3, 14.76, 230, 'CAR'),
(1658, 'strasbourg', 'FR', 'tilburg', 'NL', 1, 1, 5.18, 284, 'SUBWAY'),
(1659, 'nice', 'FR', 'tilburg', 'NL', 0, 4, 311.27, 162, 'CAB'),
(1661, 'florence', 'IT', 'marseille', 'FR', 0, 1, 267.53, 228, 'CAB'),
(1663, 'nantes', 'FR', 'stuttgart', 'DE', 1, 1, 1598.74, 209, 'FERRY'),
(1665, 'barcelona', 'ES', 'liverpool', 'GB', 1, 1, 154.46, 240, 'TRAIN'),
(1674, 'cardiff', 'GB', 'utrecht', 'NL', 1, 1, 1125.11, 280, 'FERRY'),
(1675, 'cologne', 'DE', 'leeds', 'GB', 0, 5, 34.07, 264, 'CAR'),
(1679, 'london', 'GB', 'florence', 'IT', 0, 1, 1183.39, 127, 'FERRY'),
(1680, 'frankfurt', 'DE', 'glasgow', 'GB', 0, 1, 5.31, 165, 'TRAM'),
(1681, 'manchester', 'GB', 'cologne', 'DE', 0, 1, 3.40, 255, 'TRAM'),
(1683, 'venice', 'IT', 'lille', 'FR', 1, 1, 1759.16, 273, 'FERRY'),
(1685, 'palermo', 'IT', 'bristol', 'GB', 1, 1, 43.70, 144, 'RER'),
(1686, 'tilburg', 'NL', 'bordeaux', 'FR', 0, 1, 34.06, 276, 'BUS'),
(1687, 'berlin', 'DE', 'edinburgh', 'GB', 0, 5, 59.02, 260, 'CAR'),
(1688, 'rome', 'IT', 'manchester', 'GB', 0, 1, 11.48, 127, 'SUBWAY'),
(1692, 'sheffield', 'GB', 'cardiff', 'GB', 0, 2, 31.15, 232, 'CAR'),
(1696, 'nice', 'FR', 'leeds', 'GB', 0, 1, 6.40, 202, 'TRAM'),
(1698, 'genoa', 'IT', 'nice', 'FR', 1, 1, 7.42, 294, 'TRAIN'),
(1701, 'strasbourg', 'FR', 'nice', 'FR', 1, 5, 56.33, 177, 'CAR'),
(1704, 'nice', 'FR', 'liverpool', 'GB', 1, 1, 13.01, 162, 'TRAM'),
(1706, 'zaragoza', 'ES', 'bristol', 'GB', 0, 1, 60.92, 127, 'TRAIN'),
(1708, 'dortmund', 'DE', 'paris', 'FR', 0, 1, 2.33, 189, 'TRAM'),
(1709, 'cardiff', 'GB', 'tilburg', 'NL', 1, 1, 63.47, 225, 'TRAIN'),
(1714, 'leiden', 'NL', 'paris', 'FR', 1, 1, 37.64, 103, 'BUS'),
(1717, 'glasgow', 'GB', 'venice', 'IT', 1, 2, 423.87, 166, 'CAR'),
(1718, 'namur', 'BE', 'toulouse', 'FR', 1, 1, 7.98, 177, 'TRAM'),
(1720, 'sheffield', 'GB', 'amsterdam', 'NL', 0, 1, 24.49, 178, 'TRAIN'),
(1722, 'milan', 'IT', 'montpellier', 'FR', 1, 1, 22.49, 246, 'TRAIN'),
(1723, 'marseille', 'FR', 'düsseldorf', 'DE', 1, 1, 368.61, 297, 'PLANE'),
(1727, 'eindhoven', 'NL', 'cardiff', 'GB', 1, 1, 310.18, 276, 'CAR'),
(1729, 'utrecht', 'NL', 'cardiff', 'GB', 1, 1, 7.81, 116, 'SUBWAY'),
(1730, 'amsterdam', 'NL', 'montpellier', 'FR', 0, 4, 63.20, 226, 'CAR'),
(1731, 'sheffield', 'GB', 'hamburg', 'DE', 0, 1, 42.11, 141, 'TRAIN'),
(1732, 'brussels', 'BE', 'nice', 'FR', 0, 1, 39.00, 172, 'BUS'),
(1733, 'ghent', 'BE', 'nantes', 'FR', 1, 2, 482.29, 292, 'CAB'),
(1735, 'toulouse', 'FR', 'the hague', 'NL', 1, 1, 91.44, 194, 'BUS'),
(1738, 'turin', 'IT', 'nice', 'FR', 1, 1, 304.46, 293, 'FERRY'),
(1743, 'lille', 'FR', 'edinburgh', 'GB', 0, 1, 28.72, 138, 'BUS'),
(1747, 'ghent', 'BE', 'nantes', 'FR', 1, 1, 1123.08, 156, 'FERRY'),
(1748, 'leeds', 'GB', 'eindhoven', 'NL', 0, 1, 530.02, 181, 'FERRY'),
(1751, 'almere', 'NL', 'edinburgh', 'GB', 1, 4, 87.47, 300, 'CAR'),
(1753, 'málaga', 'ES', 'edinburgh', 'GB', 0, 1, 101.28, 163, 'BUS'),
(1754, 'marseille', 'FR', 'turin', 'IT', 1, 2, 69.80, 221, 'CAR'),
(1755, 'dortmund', 'DE', 'glasgow', 'GB', 0, 1, 4.50, 216, 'TRAM'),
(1756, 'london', 'GB', 'hamburg', 'DE', 0, 4, 252.62, 250, 'CAB'),
(1757, 'liverpool', 'GB', 'naples', 'IT', 1, 1, 3724.17, 177, 'FERRY'),
(1758, 'leuven', 'BE', 'paris', 'FR', 0, 1, 97.51, 265, 'PLANE'),
(1759, 'london', 'GB', 'naples', 'IT', 0, 1, 64.33, 279, 'BUS'),
(1760, 'sheffield', 'GB', 'bilbao', 'ES', 1, 5, 116.95, 212, 'CAR'),
(1761, 'venice', 'IT', 'sheffield', 'GB', 1, 2, 1117.60, 209, 'CAB'),
(1763, 'lille', 'FR', 'rome', 'IT', 0, 1, 1184.70, 218, 'FERRY'),
(1764, 'lille', 'FR', 'cardiff', 'GB', 0, 2, 57.71, 237, 'CAR'),
(1766, 'frankfurt', 'DE', 'nice', 'FR', 1, 1, 1411.13, 104, 'FERRY'),
(1768, 'toulouse', 'FR', 'birmingham', 'GB', 0, 2, 131.61, 158, 'CAR'),
(1769, 'manchester', 'GB', 'groningen', 'NL', 0, 1, 3.98, 116, 'SUBWAY'),
(1770, 'montpellier', 'FR', 'florence', 'IT', 1, 1, 5.87, 278, 'TRAM'),
(1772, 'lyon', 'FR', 'cologne', 'DE', 1, 1, 259.51, 123, 'PLANE'),
(1774, 'rome', 'IT', 'edinburgh', 'GB', 0, 1, 498.84, 298, 'CAR'),
(1776, 'glasgow', 'GB', 'dortmund', 'DE', 1, 1, 1778.93, 242, 'FERRY'),
(1777, 'ghent', 'BE', 'edinburgh', 'GB', 1, 1, 56.53, 206, 'BUS'),
(1778, 'bari', 'IT', 'sheffield', 'GB', 1, 1, 26.26, 290, 'SUBWAY'),
(1779, 'lille', 'FR', 'düsseldorf', 'DE', 0, 1, 1.82, 128, 'SUBWAY'),
(1781, 'lille', 'FR', 'seville', 'ES', 0, 4, 105.99, 116, 'CAR'),
(1784, 'bordeaux', 'FR', 'málaga', 'ES', 0, 1, 938.60, 160, 'FERRY'),
(1785, 'birmingham', 'GB', 'turin', 'IT', 1, 1, 559.34, 166, 'CAR'),
(1786, 'leuven', 'BE', 'strasbourg', 'FR', 1, 1, 4.57, 164, 'SUBWAY'),
(1788, 'sheffield', 'GB', 'barcelona', 'ES', 0, 1, 9.26, 175, 'SUBWAY'),
(1791, 'marseille', 'FR', 'bruges', 'BE', 1, 3, 154.27, 198, 'CAR'),
(1793, 'nantes', 'FR', 'barcelona', 'ES', 1, 1, 56.76, 200, 'BUS'),
(1794, 'barcelona', 'ES', 'toulouse', 'FR', 1, 1, 180.63, 137, 'PLANE'),
(1796, 'bremen', 'DE', 'liverpool', 'GB', 1, 1, 10.68, 280, 'SUBWAY'),
(1797, 'edinburgh', 'GB', 'utrecht', 'NL', 0, 5, 232.54, 221, 'CAB'),
(1800, 'eindhoven', 'NL', 'lyon', 'FR', 0, 1, 3.14, 219, 'TRAM'),
(1802, 'edinburgh', 'GB', 'amsterdam', 'NL', 1, 1, 73.15, 134, 'TRAIN'),
(1804, 'bilbao', 'ES', 'nantes', 'FR', 0, 1, 117.17, 225, 'CAR'),
(1805, 'lille', 'FR', 'manchester', 'GB', 0, 1, 3.27, 299, 'SUBWAY'),
(1810, 'bremen', 'DE', 'montpellier', 'FR', 1, 1, 453.00, 157, 'PLANE'),
(1815, 'bordeaux', 'FR', 'naples', 'IT', 0, 1, 720.96, 153, 'CAB'),
(1816, 'sheffield', 'GB', 'seville', 'ES', 1, 2, 1523.60, 122, 'CAB'),
(1818, 'leeds', 'GB', 'montpellier', 'FR', 0, 1, 5.94, 280, 'TRAM'),
(1820, 'sheffield', 'GB', 'bilbao', 'ES', 0, 1, 62.72, 295, 'TRAIN'),
(1823, 'lyon', 'FR', 'zaragoza', 'ES', 1, 1, 1267.19, 189, 'FERRY'),
(1825, 'cardiff', 'GB', 'genoa', 'IT', 1, 1, 95.01, 276, 'BUS'),
(1826, 'nantes', 'FR', 'hamburg', 'DE', 1, 1, 439.81, 116, 'PLANE'),
(1831, 'nantes', 'FR', 'munich', 'DE', 1, 1, 405.75, 221, 'PLANE'),
(1833, 'bordeaux', 'FR', 'barcelona', 'ES', 0, 1, 10.68, 121, 'TRAIN'),
(1834, 'paris', 'FR', 'bologna', 'IT', 1, 5, 565.94, 265, 'CAB'),
(1836, 'birmingham', 'GB', 'barcelona', 'ES', 1, 1, 512.49, 222, 'PLANE'),
(1837, 'sheffield', 'GB', 'marseille', 'FR', 0, 1, 247.65, 154, 'PLANE'),
(1838, 'lyon', 'FR', 'milan', 'IT', 1, 1, 666.62, 216, 'FERRY'),
(1840, 'antwerp', 'BE', 'lyon', 'FR', 0, 1, 181.87, 123, 'PLANE'),
(1843, 'málaga', 'ES', 'strasbourg', 'FR', 0, 1, 65.56, 146, 'BUS'),
(1844, 'nantes', 'FR', 'valencia', 'ES', 1, 1, 41.61, 119, 'TRAIN'),
(1845, 'nice', 'FR', 'charleroi', 'BE', 0, 1, 3.84, 213, 'TRAM'),
(1848, 'milan', 'IT', 'leeds', 'GB', 0, 4, 421.82, 154, 'CAB'),
(1850, 'naples', 'IT', 'strasbourg', 'FR', 1, 1, 48.10, 184, 'TRAIN'),
(1851, 'charleroi', 'BE', 'edinburgh', 'GB', 0, 1, 230.93, 202, 'PLANE'),
(1853, 'leiden', 'NL', 'leeds', 'GB', 0, 1, 248.32, 105, 'CAB'),
(1855, 'strasbourg', 'FR', 'antwerp', 'BE', 1, 1, 8.55, 205, 'RER'),
(1856, 'birmingham', 'GB', 'edinburgh', 'GB', 1, 1, 204.47, 211, 'CAR'),
(1857, 'lyon', 'FR', 'dortmund', 'DE', 1, 1, 32.09, 163, 'TRAIN'),
(1860, 'lille', 'FR', 'the hague', 'NL', 0, 1, 1.24, 292, 'SUBWAY'),
(1863, 'montpellier', 'FR', 'nantes', 'FR', 0, 1, 6.58, 231, 'RER'),
(1865, 'bari', 'IT', 'lyon', 'FR', 0, 1, 26.34, 260, 'TRAIN'),
(1866, 'birmingham', 'GB', 'munich', 'DE', 0, 1, 12.07, 170, 'RER'),
(1868, 'bruges', 'BE', 'manchester', 'GB', 0, 1, 140.72, 290, 'PLANE'),
(1870, 'alicante', 'ES', 'manchester', 'GB', 1, 2, 1419.59, 210, 'CAB'),
(1871, 'montpellier', 'FR', 'dortmund', 'DE', 1, 1, 9.10, 278, 'TRAM'),
(1872, 'charleroi', 'BE', 'leeds', 'GB', 1, 1, 61.66, 103, 'TRAIN'),
(1875, 'murcia', 'ES', 'glasgow', 'GB', 0, 2, 258.77, 267, 'CAR'),
(1876, 'glasgow', 'GB', 'brussels', 'BE', 0, 1, 44.23, 180, 'TRAIN'),
(1877, 'bremen', 'DE', 'lille', 'FR', 0, 1, 5.40, 288, 'RER'),
(1882, 'düsseldorf', 'DE', 'liverpool', 'GB', 0, 1, 206.86, 278, 'PLANE'),
(1883, 'antwerp', 'BE', 'cardiff', 'GB', 1, 1, 1031.59, 152, 'FERRY'),
(1886, 'leuven', 'BE', 'bristol', 'GB', 0, 1, 28.45, 256, 'TRAIN'),
(1888, 'dortmund', 'DE', 'montpellier', 'FR', 0, 1, 899.46, 122, 'FERRY'),
(1890, 'bordeaux', 'FR', 'murcia', 'ES', 1, 1, 7.55, 121, 'TRAM'),
(1894, 'düsseldorf', 'DE', 'leeds', 'GB', 0, 1, 4.29, 279, 'SUBWAY'),
(1895, 'tilburg', 'NL', 'montpellier', 'FR', 0, 1, 10.02, 288, 'RER'),
(1898, 'cardiff', 'GB', 'stuttgart', 'DE', 1, 1, 73.95, 273, 'BUS'),
(1905, 'montpellier', 'FR', 'barcelona', 'ES', 0, 1, 11.31, 193, 'BUS'),
(1908, 'antwerp', 'BE', 'lille', 'FR', 0, 1, 54.04, 231, 'PLANE'),
(1910, 'bristol', 'GB', 'düsseldorf', 'DE', 1, 1, 61.62, 180, 'BUS'),
(1912, 'mechelen', 'BE', 'liverpool', 'GB', 1, 1, 7.80, 198, 'SUBWAY'),
(1913, 'namur', 'BE', 'liverpool', 'GB', 1, 1, 14.20, 183, 'RER'),
(1914, 'glasgow', 'GB', 'lyon', 'FR', 1, 4, 903.57, 285, 'CAB'),
(1915, 'manchester', 'GB', 'berlin', 'DE', 0, 1, 214.75, 189, 'PLANE'),
(1916, 'birmingham', 'GB', 'munich', 'DE', 0, 1, 12.07, 238, 'RER'),
(1919, 'alicante', 'ES', 'lille', 'FR', 1, 1, 31.47, 238, 'RER'),
(1920, 'the hague', 'NL', 'marseille', 'FR', 0, 1, 201.53, 228, 'PLANE'),
(1922, 'marseille', 'FR', 'hamburg', 'DE', 0, 1, 8.09, 260, 'SUBWAY'),
(1924, 'berlin', 'DE', 'glasgow', 'GB', 1, 1, 486.87, 273, 'PLANE'),
(1925, 'montpellier', 'FR', 'bordeaux', 'FR', 1, 1, 245.53, 154, 'PLANE'),
(1927, 'cardiff', 'GB', 'frankfurt', 'DE', 0, 4, 296.56, 198, 'CAB'),
(1929, 'strasbourg', 'FR', 'ghent', 'BE', 1, 1, 206.13, 253, 'CAR'),
(1930, 'liverpool', 'GB', 'liege', 'BE', 0, 1, 36.69, 105, 'TRAIN'),
(1931, 'nantes', 'FR', 'edinburgh', 'GB', 0, 1, 4.84, 190, 'TRAM'),
(1932, 'barcelona', 'ES', 'cardiff', 'GB', 0, 1, 241.32, 291, 'PLANE'),
(1933, 'leeds', 'GB', 'groningen', 'NL', 0, 1, 29.97, 231, 'TRAIN'),
(1937, 'toulouse', 'FR', 'genoa', 'IT', 0, 1, 4.12, 181, 'SUBWAY'),
(1938, 'málaga', 'ES', 'nice', 'FR', 1, 1, 507.34, 161, 'PLANE'),
(1939, 'birmingham', 'GB', 'groningen', 'NL', 0, 5, 193.18, 183, 'CAB'),
(1940, 'berlin', 'DE', 'marseille', 'FR', 1, 2, 996.32, 297, 'CAB'),
(1942, 'leipzig', 'DE', 'nantes', 'FR', 0, 1, 225.40, 122, 'PLANE'),
(1943, 'leeds', 'GB', 'málaga', 'ES', 1, 1, 212.19, 266, 'TRAIN'),
(1944, 'marseille', 'FR', 'the hague', 'NL', 0, 1, 11.05, 242, 'RER'),
(1952, 'lille', 'FR', 'antwerp', 'BE', 0, 1, 4.53, 137, 'BUS'),
(1953, 'paris', 'FR', 'namur', 'BE', 0, 1, 10.18, 230, 'BUS'),
(1956, 'leipzig', 'DE', 'lyon', 'FR', 1, 1, 8.24, 271, 'TRAM'),
(1957, 'toulouse', 'FR', 'lille', 'FR', 0, 2, 332.71, 272, 'CAB'),
(1960, 'utrecht', 'NL', 'bordeaux', 'FR', 0, 4, 318.26, 288, 'CAB'),
(1961, 'liverpool', 'GB', 'munich', 'DE', 0, 1, 46.82, 133, 'BUS'),
(1965, 'edinburgh', 'GB', 'manchester', 'GB', 0, 1, 1.39, 184, 'TRAM'),
(1966, 'strasbourg', 'FR', 'liege', 'BE', 1, 1, 13.33, 175, 'TRAIN'),
(1968, 'manchester', 'GB', 'bilbao', 'ES', 0, 1, 12.83, 111, 'RER'),
(1970, 'montpellier', 'FR', 'sheffield', 'GB', 0, 1, 27.71, 218, 'TRAIN'),
(1971, 'leeds', 'GB', 'palermo', 'IT', 1, 4, 1457.92, 209, 'CAB'),
(1972, 'liverpool', 'GB', 'almere', 'NL', 0, 1, 3.82, 186, 'SUBWAY'),
(1974, 'bordeaux', 'FR', 'palermo', 'IT', 0, 3, 118.84, 133, 'CAR'),
(1978, 'nice', 'FR', 'glasgow', 'GB', 1, 3, 1181.14, 270, 'CAB'),
(1981, 'birmingham', 'GB', 'groningen', 'NL', 0, 4, 37.15, 120, 'CAR'),
(1986, 'mechelen', 'BE', 'nantes', 'FR', 0, 1, 596.93, 144, 'FERRY'),
(1987, 'leeds', 'GB', 'manchester', 'GB', 0, 1, 0.29, 290, 'TRAM'),
(1988, 'toulouse', 'FR', 'utrecht', 'NL', 0, 4, 63.54, 109, 'CAR'),
(1989, 'charleroi', 'BE', 'edinburgh', 'GB', 1, 3, 596.45, 215, 'CAB'),
(1991, 'paris', 'FR', 'eindhoven', 'NL', 0, 1, 1.80, 138, 'TRAM'),
(1992, 'bordeaux', 'FR', 'sheffield', 'GB', 0, 4, 61.55, 153, 'CAR'),
(1993, 'glasgow', 'GB', 'florence', 'IT', 0, 1, 19.59, 104, 'RER'),
(1994, 'sheffield', 'GB', 'groningen', 'NL', 0, 1, 21.25, 156, 'BUS'),
(1995, 'paris', 'FR', 'seville', 'ES', 1, 1, 114.63, 109, 'BUS'),
(1997, 'bilbao', 'ES', 'bordeaux', 'FR', 0, 1, 91.10, 169, 'PLANE'),
(1999, 'cardiff', 'GB', 'barcelona', 'ES', 1, 1, 483.66, 170, 'PLANE'),
(2000, 'manchester', 'GB', 'maastricht', 'NL', 1, 1, 13.87, 278, 'RER'),
(2002, 'paris', 'FR', 'leiden', 'NL', 1, 1, 5.41, 167, 'SUBWAY'),
(2004, 'málaga', 'ES', 'birmingham', 'GB', 1, 4, 228.09, 186, 'CAR'),
(2006, 'turin', 'IT', 'montpellier', 'FR', 0, 1, 13.65, 218, 'BUS'),
(2008, 'bordeaux', 'FR', 'rotterdam', 'NL', 1, 3, 150.25, 199, 'CAR'),
(2010, 'stuttgart', 'DE', 'paris', 'FR', 1, 1, 983.20, 153, 'FERRY'),
(2011, 'venice', 'IT', 'lille', 'FR', 1, 1, 43.13, 149, 'TRAIN'),
(2012, 'stuttgart', 'DE', 'montpellier', 'FR', 0, 5, 236.91, 132, 'CAB'),
(2015, 'leeds', 'GB', 'murcia', 'ES', 0, 5, 591.16, 128, 'CAB'),
(2018, 'lille', 'FR', 'naples', 'IT', 1, 1, 13.76, 165, 'TRAM'),
(2019, 'nice', 'FR', 'lyon', 'FR', 1, 1, 6.74, 167, 'RER'),
(2021, 'frankfurt', 'DE', 'glasgow', 'GB', 1, 1, 437.22, 246, 'PLANE'),
(2022, 'paris', 'FR', 'montpellier', 'FR', 1, 1, 1166.19, 268, 'FERRY'),
(2024, 'strasbourg', 'FR', 'berlin', 'DE', 1, 1, 5.85, 243, 'TRAM'),
(2025, 'london', 'GB', 'manchester', 'GB', 0, 1, 1.78, 278, 'SUBWAY'),
(2026, 'sheffield', 'GB', 'leipzig', 'DE', 1, 1, 107.16, 231, 'TRAIN'),
(2027, 'bordeaux', 'FR', 'amsterdam', 'NL', 1, 1, 1817.91, 128, 'FERRY'),
(2028, 'birmingham', 'GB', 'bruges', 'BE', 1, 1, 3.76, 227, 'TRAM'),
(2031, 'lille', 'FR', 'naples', 'IT', 1, 2, 359.62, 210, 'CAR'),
(2034, 'bordeaux', 'FR', 'barcelona', 'ES', 0, 1, 2.20, 152, 'TRAM'),
(2037, 'edinburgh', 'GB', 'leiden', 'NL', 1, 1, 281.04, 287, 'PLANE'),
(2038, 'sheffield', 'GB', 'glasgow', 'GB', 0, 1, 13.08, 286, 'BUS'),
(2039, 'paris', 'FR', 'leuven', 'BE', 0, 1, 158.12, 165, 'CAB'),
(2043, 'bremen', 'DE', 'cardiff', 'GB', 0, 1, 467.16, 204, 'CAB'),
(2044, 'naples', 'IT', 'nantes', 'FR', 0, 5, 486.08, 181, 'CAB'),
(2045, 'palermo', 'IT', 'manchester', 'GB', 0, 1, 2039.69, 183, 'FERRY'),
(2047, 'cardiff', 'GB', 'the hague', 'NL', 0, 1, 508.41, 119, 'FERRY'),
(2053, 'glasgow', 'GB', 'cologne', 'DE', 1, 1, 12.53, 167, 'SUBWAY'),
(2055, 'zaragoza', 'ES', 'liverpool', 'GB', 0, 1, 1288.81, 288, 'FERRY'),
(2056, 'manchester', 'GB', 'charleroi', 'BE', 0, 1, 27.02, 201, 'BUS'),
(2062, 'nantes', 'FR', 'edinburgh', 'GB', 1, 1, 46.93, 251, 'TRAIN'),
(2066, 'antwerp', 'BE', 'strasbourg', 'FR', 1, 2, 98.00, 188, 'CAR'),
(2073, 'seville', 'ES', 'liverpool', 'GB', 0, 2, 755.10, 205, 'CAB'),
(2075, 'lille', 'FR', 'marseille', 'FR', 1, 1, 348.61, 131, 'PLANE'),
(2076, 'toulouse', 'FR', 'birmingham', 'GB', 0, 3, 380.22, 275, 'CAB'),
(2077, 'rotterdam', 'NL', 'london', 'GB', 0, 1, 107.47, 260, 'PLANE'),
(2079, 'glasgow', 'GB', 'genoa', 'IT', 1, 1, 3087.79, 156, 'FERRY'),
(2080, 'brussels', 'BE', 'edinburgh', 'GB', 0, 1, 3.74, 121, 'TRAM'),
(2081, 'edinburgh', 'GB', 'toulouse', 'FR', 1, 1, 112.34, 151, 'BUS'),
(2085, 'berlin', 'DE', 'london', 'GB', 0, 1, 6.33, 212, 'SUBWAY'),
(2086, 'strasbourg', 'FR', 'toulouse', 'FR', 1, 1, 16.61, 296, 'RER'),
(2088, 'lyon', 'FR', 'strasbourg', 'FR', 1, 1, 3.80, 133, 'TRAM'),
(2089, 'liverpool', 'GB', 'lille', 'FR', 0, 1, 505.17, 206, 'FERRY'),
(2091, 'cardiff', 'GB', 'montpellier', 'FR', 0, 1, 24.52, 287, 'TRAIN'),
(2100, 'nantes', 'FR', 'brussels', 'BE', 1, 1, 5.84, 132, 'TRAM'),
(2101, 'manchester', 'GB', 'bordeaux', 'FR', 1, 1, 21.84, 280, 'RER'),
(2102, 'namur', 'BE', 'edinburgh', 'GB', 0, 1, 32.27, 283, 'BUS'),
(2105, 'manchester', 'GB', 'florence', 'IT', 1, 2, 378.13, 261, 'CAR'),
(2106, 'paris', 'FR', 'eindhoven', 'NL', 1, 1, 3.61, 196, 'TRAM'),
(2108, 'sheffield', 'GB', 'tilburg', 'NL', 0, 1, 27.09, 162, 'TRAIN'),
(2113, 'toulouse', 'FR', 'bilbao', 'ES', 0, 1, 2.42, 213, 'SUBWAY'),
(2114, 'genoa', 'IT', 'bordeaux', 'FR', 1, 1, 7.46, 116, 'TRAM'),
(2115, 'birmingham', 'GB', 'florence', 'IT', 0, 2, 177.40, 144, 'CAR'),
(2117, 'bruges', 'BE', 'birmingham', 'GB', 1, 3, 283.68, 212, 'CAB'),
(2124, 'stuttgart', 'DE', 'marseille', 'FR', 1, 1, 15.26, 129, 'RER'),
(2131, 'madrid', 'ES', 'marseille', 'FR', 1, 4, 105.59, 148, 'CAR'),
(2133, 'nantes', 'FR', 'toulouse', 'FR', 1, 1, 910.39, 196, 'FERRY'),
(2134, 'liverpool', 'GB', 'strasbourg', 'FR', 1, 1, 9.13, 132, 'TRAM'),
(2137, 'strasbourg', 'FR', 'frankfurt', 'DE', 0, 1, 7.26, 218, 'BUS'),
(2138, 'nice', 'FR', 'eindhoven', 'NL', 0, 1, 225.28, 238, 'CAR'),
(2141, 'dortmund', 'DE', 'manchester', 'GB', 1, 1, 55.06, 126, 'BUS'),
(2143, 'bologna', 'IT', 'birmingham', 'GB', 0, 4, 85.11, 183, 'CAR'),
(2146, 'london', 'GB', 'madrid', 'ES', 1, 1, 100.51, 141, 'BUS'),
(2149, 'strasbourg', 'FR', 'florence', 'IT', 1, 1, 47.69, 113, 'BUS'),
(2150, 'toulouse', 'FR', 'nice', 'FR', 1, 1, 37.28, 218, 'BUS'),
(2151, 'paris', 'FR', 'ghent', 'BE', 0, 1, 258.38, 168, 'FERRY'),
(2157, 'marseille', 'FR', 'bologna', 'IT', 0, 5, 167.03, 163, 'CAB'),
(2158, 'tilburg', 'NL', 'london', 'GB', 0, 1, 2.45, 172, 'SUBWAY'),
(2159, 'liverpool', 'GB', 'palermo', 'IT', 1, 1, 4132.53, 193, 'FERRY'),
(2162, 'nice', 'FR', 'lille', 'FR', 1, 1, 11.34, 200, 'SUBWAY'),
(2163, 'groningen', 'NL', 'lyon', 'FR', 1, 1, 40.27, 275, 'TRAIN'),
(2165, 'paris', 'FR', 'strasbourg', 'FR', 1, 2, 335.86, 192, 'CAB'),
(2167, 'eindhoven', 'NL', 'nantes', 'FR', 1, 1, 1355.36, 298, 'FERRY'),
(2168, 'glasgow', 'GB', 'leiden', 'NL', 1, 1, 6.96, 113, 'TRAM'),
(2169, 'manchester', 'GB', 'liege', 'BE', 0, 1, 606.96, 231, 'FERRY'),
(2171, 'palermo', 'IT', 'lille', 'FR', 0, 1, 319.98, 216, 'PLANE'),
(2172, 'barcelona', 'ES', 'nantes', 'FR', 0, 1, 17.12, 260, 'TRAIN'),
(2173, 'maastricht', 'NL', 'manchester', 'GB', 0, 1, 3.04, 185, 'TRAM'),
(2175, 'leeds', 'GB', 'lille', 'FR', 0, 1, 3.20, 161, 'SUBWAY'),
(2177, 'manchester', 'GB', 'naples', 'IT', 1, 1, 42.19, 235, 'RER'),
(2178, 'nantes', 'FR', 'genoa', 'IT', 1, 1, 361.87, 157, 'PLANE'),
(2179, 'almere', 'NL', 'liverpool', 'GB', 0, 1, 31.21, 139, 'TRAIN'),
(2184, 'bruges', 'BE', 'sheffield', 'GB', 0, 1, 2.72, 213, 'SUBWAY'),
(2186, 'strasbourg', 'FR', 'glasgow', 'GB', 0, 1, 1123.03, 124, 'FERRY'),
(2190, 'liverpool', 'GB', 'glasgow', 'GB', 0, 1, 98.17, 251, 'PLANE'),
(2192, 'sheffield', 'GB', 'genoa', 'IT', 1, 1, 28.24, 154, 'RER'),
(2193, 'montpellier', 'FR', 'genoa', 'IT', 0, 1, 107.09, 104, 'CAR'),
(2194, 'edinburgh', 'GB', 'bremen', 'DE', 0, 1, 818.81, 261, 'FERRY'),
(2195, 'montpellier', 'FR', 'frankfurt', 'DE', 0, 1, 233.86, 252, 'PLANE'),
(2197, 'leeds', 'GB', 'cologne', 'DE', 0, 3, 246.07, 296, 'CAB'),
(2200, 'maastricht', 'NL', 'toulouse', 'FR', 0, 1, 9.78, 193, 'RER'),
(2201, 'strasbourg', 'FR', 'palma de mallorca', 'ES', 1, 1, 440.20, 128, 'PLANE'),
(2204, 'strasbourg', 'FR', 'turin', 'IT', 1, 2, 101.18, 136, 'CAR'),
(2205, 'lille', 'FR', 'florence', 'IT', 0, 1, 39.05, 238, 'BUS'),
(2206, 'bordeaux', 'FR', 'montpellier', 'FR', 0, 3, 142.18, 137, 'CAB'),
(2207, 'toulouse', 'FR', 'leipzig', 'DE', 0, 3, 443.59, 265, 'CAB'),
(2208, 'montpellier', 'FR', 'eindhoven', 'NL', 1, 1, 11.95, 164, 'SUBWAY'),
(2213, 'lyon', 'FR', 'utrecht', 'NL', 0, 1, 689.67, 280, 'FERRY'),
(2214, 'edinburgh', 'GB', 'tilburg', 'NL', 1, 1, 69.15, 201, 'BUS'),
(2215, 'cardiff', 'GB', 'leeds', 'GB', 0, 1, 157.02, 195, 'CAB'),
(2218, 'genoa', 'IT', 'nice', 'FR', 1, 1, 2.10, 206, 'SUBWAY'),
(2219, 'amsterdam', 'NL', 'marseille', 'FR', 0, 1, 6.87, 112, 'SUBWAY'),
(2223, 'nantes', 'FR', 'sheffield', 'GB', 0, 5, 35.45, 134, 'CAR'),
(2227, 'toulouse', 'FR', 'liverpool', 'GB', 1, 1, 1275.08, 258, 'CAB'),
(2228, 'bristol', 'GB', 'sheffield', 'GB', 1, 1, 255.02, 206, 'CAB'),
(2233, 'lille', 'FR', 'stuttgart', 'DE', 0, 1, 11.66, 202, 'TRAIN'),
(2234, 'madrid', 'ES', 'lille', 'FR', 1, 1, 1402.94, 243, 'CAB'),
(2236, 'venice', 'IT', 'nice', 'FR', 0, 5, 149.74, 267, 'CAB'),
(2237, 'alicante', 'ES', 'bristol', 'GB', 0, 1, 292.87, 260, 'PLANE'),
(2239, 'amsterdam', 'NL', 'nice', 'FR', 0, 2, 126.79, 150, 'CAR'),
(2241, 'edinburgh', 'GB', 'paris', 'FR', 1, 1, 8.63, 261, 'TRAM'),
(2242, 'bruges', 'BE', 'leeds', 'GB', 0, 1, 111.87, 242, 'CAR'),
(2243, 'sheffield', 'GB', 'venice', 'IT', 1, 1, 147.54, 220, 'TRAIN'),
(2246, 'frankfurt', 'DE', 'cardiff', 'GB', 1, 1, 1657.36, 177, 'FERRY'),
(2248, 'nice', 'FR', 'mechelen', 'BE', 1, 4, 589.41, 110, 'CAB'),
(2249, 'leeds', 'GB', 'brussels', 'BE', 0, 1, 20.59, 115, 'BUS'),
(2251, 'valencia', 'ES', 'montpellier', 'FR', 0, 1, 174.72, 281, 'PLANE'),
(2253, 'leeds', 'GB', 'bremen', 'DE', 1, 5, 463.92, 296, 'CAB'),
(2254, 'florence', 'IT', 'nice', 'FR', 1, 5, 215.52, 230, 'CAB'),
(2258, 'leeds', 'GB', 'birmingham', 'GB', 0, 1, 145.34, 125, 'FERRY'),
(2259, 'amsterdam', 'NL', 'sheffield', 'GB', 1, 1, 863.99, 107, 'FERRY'),
(2262, 'seville', 'ES', 'bristol', 'GB', 0, 1, 88.05, 258, 'TRAIN'),
(2263, 'leiden', 'NL', 'marseille', 'FR', 1, 4, 127.77, 219, 'CAR'),
(2264, 'nice', 'FR', 'birmingham', 'GB', 0, 1, 5.88, 272, 'TRAM'),
(2265, 'utrecht', 'NL', 'liverpool', 'GB', 0, 1, 553.12, 265, 'FERRY'),
(2266, 'strasbourg', 'FR', 'utrecht', 'NL', 0, 1, 423.05, 262, 'FERRY'),
(2267, 'strasbourg', 'FR', 'palermo', 'IT', 1, 1, 646.10, 198, 'CAR'),
(2269, 'nice', 'FR', 'groningen', 'NL', 0, 1, 216.48, 269, 'PLANE'),
(2271, 'paris', 'FR', 'toulouse', 'FR', 0, 1, 4.00, 281, 'SUBWAY'),
(2272, 'cardiff', 'GB', 'brussels', 'BE', 1, 1, 5.24, 147, 'TRAM'),
(2274, 'lille', 'FR', 'palma de mallorca', 'ES', 0, 1, 1205.11, 118, 'FERRY'),
(2275, 'valencia', 'ES', 'nantes', 'FR', 0, 1, 34.48, 282, 'BUS'),
(2278, 'nice', 'FR', 'bologna', 'IT', 0, 1, 2.29, 272, 'SUBWAY'),
(2281, 'london', 'GB', 'frankfurt', 'DE', 1, 1, 14.39, 142, 'RER'),
(2282, 'manchester', 'GB', 'tilburg', 'NL', 0, 1, 139.71, 180, 'CAR'),
(2286, 'liverpool', 'GB', 'barcelona', 'ES', 1, 3, 240.01, 152, 'CAR'),
(2287, 'florence', 'IT', 'bristol', 'GB', 0, 1, 9.12, 208, 'SUBWAY'),
(2292, 'valencia', 'ES', 'edinburgh', 'GB', 0, 1, 12.54, 238, 'SUBWAY'),
(2294, 'murcia', 'ES', 'manchester', 'GB', 0, 1, 11.72, 132, 'SUBWAY'),
(2295, 'amsterdam', 'NL', 'lille', 'FR', 1, 1, 11.08, 180, 'TRAIN'),
(2296, 'liverpool', 'GB', 'lille', 'FR', 0, 2, 66.75, 196, 'CAR'),
(2304, 'edinburgh', 'GB', 'frankfurt', 'DE', 1, 1, 419.37, 174, 'PLANE'),
(2305, 'glasgow', 'GB', 'bari', 'IT', 1, 1, 710.31, 287, 'PLANE'),
(2307, 'edinburgh', 'GB', 'almere', 'NL', 1, 1, 9.20, 168, 'SUBWAY'),
(2308, 'edinburgh', 'GB', 'barcelona', 'ES', 0, 1, 92.47, 236, 'TRAIN'),
(2310, 'nice', 'FR', 'nantes', 'FR', 0, 1, 3.91, 148, 'TRAIN'),
(2312, 'liverpool', 'GB', 'lyon', 'FR', 0, 1, 6.93, 105, 'SUBWAY'),
(2313, 'london', 'GB', 'murcia', 'ES', 1, 1, 20.47, 107, 'SUBWAY'),
(2314, 'glasgow', 'GB', 'nantes', 'FR', 1, 4, 126.60, 162, 'CAR'),
(2315, 'frankfurt', 'DE', 'nantes', 'FR', 1, 3, 610.43, 216, 'CAB'),
(2317, 'tilburg', 'NL', 'bristol', 'GB', 0, 2, 68.80, 280, 'CAR'),
(2318, 'venice', 'IT', 'nice', 'FR', 0, 1, 3.03, 295, 'SUBWAY'),
(2320, 'manchester', 'GB', 'stuttgart', 'DE', 0, 1, 4.71, 144, 'TRAM'),
(2321, 'lyon', 'FR', 'glasgow', 'GB', 0, 1, 259.60, 286, 'PLANE'),
(2324, 'paris', 'FR', 'frankfurt', 'DE', 0, 1, 5.41, 185, 'RER'),
(2325, 'manchester', 'GB', 'leiden', 'NL', 0, 1, 3.23, 186, 'SUBWAY'),
(2326, 'strasbourg', 'FR', 'namur', 'BE', 1, 1, 577.87, 194, 'FERRY'),
(2327, 'venice', 'IT', 'bordeaux', 'FR', 0, 1, 5.02, 141, 'TRAM'),
(2328, 'manchester', 'GB', 'alicante', 'ES', 0, 1, 1652.84, 289, 'FERRY'),
(2330, 'eindhoven', 'NL', 'marseille', 'FR', 0, 5, 304.54, 272, 'CAB'),
(2331, 'montpellier', 'FR', 'genoa', 'IT', 0, 1, 9.93, 138, 'TRAIN'),
(2335, 'toulouse', 'FR', 'madrid', 'ES', 1, 1, 52.38, 114, 'BUS'),
(2337, 'bristol', 'GB', 'berlin', 'DE', 0, 1, 223.96, 222, 'PLANE'),
(2340, 'hamburg', 'DE', 'bordeaux', 'FR', 0, 1, 49.08, 141, 'BUS'),
(2345, 'montpellier', 'FR', 'palma de mallorca', 'ES', 1, 1, 43.61, 176, 'BUS'),
(2346, 'maastricht', 'NL', 'toulouse', 'FR', 0, 2, 112.14, 242, 'CAR'),
(2347, 'liege', 'BE', 'liverpool', 'GB', 1, 1, 1294.24, 274, 'FERRY'),
(2351, 'strasbourg', 'FR', 'maastricht', 'NL', 0, 2, 122.88, 239, 'CAB'),
(2353, 'nantes', 'FR', 'groningen', 'NL', 0, 1, 4.36, 138, 'TRAM'),
(2357, 'montpellier', 'FR', 'marseille', 'FR', 1, 1, 1.24, 278, 'TRAIN'),
(2358, 'palermo', 'IT', 'lyon', 'FR', 1, 1, 449.25, 193, 'PLANE'),
(2361, 'düsseldorf', 'DE', 'birmingham', 'GB', 1, 1, 1197.83, 182, 'FERRY'),
(2363, 'düsseldorf', 'DE', 'leeds', 'GB', 0, 1, 35.02, 179, 'TRAIN'),
(2364, 'london', 'GB', 'birmingham', 'GB', 0, 1, 6.47, 115, 'BUS'),
(2367, 'montpellier', 'FR', 'marseille', 'FR', 0, 1, 3.39, 193, 'TRAIN'),
(2369, 'manchester', 'GB', 'strasbourg', 'FR', 1, 1, 70.37, 285, 'BUS'),
(2371, 'valencia', 'ES', 'manchester', 'GB', 1, 1, 35.29, 179, 'RER'),
(2372, 'barcelona', 'ES', 'liverpool', 'GB', 1, 4, 180.01, 165, 'CAR'),
(2374, 'florence', 'IT', 'glasgow', 'GB', 1, 1, 556.89, 116, 'PLANE'),
(2375, 'ghent', 'BE', 'toulouse', 'FR', 1, 3, 145.89, 293, 'CAR'),
(2376, 'alicante', 'ES', 'glasgow', 'GB', 0, 3, 735.36, 106, 'CAB'),
(2377, 'bordeaux', 'FR', 'namur', 'BE', 0, 4, 261.46, 163, 'CAB'),
(2380, 'london', 'GB', 'tilburg', 'NL', 0, 1, 20.02, 119, 'TRAIN'),
(2381, 'antwerp', 'BE', 'strasbourg', 'FR', 0, 4, 24.50, 173, 'CAR'),
(2385, 'paris', 'FR', 'montpellier', 'FR', 0, 1, 333.87, 296, 'CAB'),
(2391, 'sheffield', 'GB', 'brussels', 'BE', 1, 5, 50.40, 271, 'CAR'),
(2395, 'ghent', 'BE', 'marseille', 'FR', 1, 1, 19.66, 263, 'RER'),
(2396, 'sheffield', 'GB', 'nice', 'FR', 1, 3, 935.61, 224, 'CAB'),
(2398, 'leeds', 'GB', 'strasbourg', 'FR', 1, 1, 41.66, 109, 'TRAIN'),
(2399, 'hamburg', 'DE', 'edinburgh', 'GB', 1, 1, 12.05, 146, 'SUBWAY'),
(2402, 'montpellier', 'FR', 'liege', 'BE', 1, 1, 63.05, 287, 'BUS'),
(2403, 'bristol', 'GB', 'madrid', 'ES', 1, 5, 127.31, 113, 'CAR'),
(2406, 'valencia', 'ES', 'london', 'GB', 0, 1, 15.10, 300, 'RER'),
(2411, 'the hague', 'NL', 'bordeaux', 'FR', 1, 1, 42.31, 277, 'TRAIN'),
(2413, 'leeds', 'GB', 'manchester', 'GB', 0, 1, 56.98, 113, 'FERRY'),
(2414, 'bologna', 'IT', 'sheffield', 'GB', 1, 1, 30.61, 297, 'RER'),
(2415, 'marseille', 'FR', 'barcelona', 'ES', 0, 1, 13.44, 112, 'BUS'),
(2418, 'palma de mallorca', 'ES', 'manchester', 'GB', 0, 1, 411.46, 203, 'CAR'),
(2419, 'montpellier', 'FR', 'liege', 'BE', 1, 1, 10.78, 248, 'SUBWAY'),
(2420, 'edinburgh', 'GB', 'munich', 'DE', 0, 2, 171.70, 289, 'CAR'),
(2422, 'namur', 'BE', 'nantes', 'FR', 1, 1, 28.43, 144, 'TRAIN'),
(2423, 'naples', 'IT', 'birmingham', 'GB', 0, 5, 92.09, 112, 'CAR'),
(2424, 'cardiff', 'GB', 'florence', 'IT', 0, 1, 9.36, 184, 'SUBWAY'),
(2429, 'edinburgh', 'GB', 'montpellier', 'FR', 1, 5, 982.92, 250, 'CAB'),
(2430, 'bordeaux', 'FR', 'bremen', 'DE', 1, 1, 25.76, 121, 'RER'),
(2431, 'montpellier', 'FR', 'venice', 'IT', 0, 1, 27.85, 287, 'BUS'),
(2432, 'lyon', 'FR', 'almere', 'NL', 1, 1, 7.28, 130, 'TRAM'),
(2436, 'marseille', 'FR', 'nantes', 'FR', 0, 1, 7.84, 208, 'RER'),
(2437, 'lyon', 'FR', 'cardiff', 'GB', 0, 1, 847.87, 215, 'FERRY'),
(2438, 'lille', 'FR', 'bristol', 'GB', 0, 1, 2.76, 212, 'SUBWAY'),
(2441, 'bristol', 'GB', 'leuven', 'BE', 0, 1, 2.54, 138, 'TRAM'),
(2445, 'edinburgh', 'GB', 'murcia', 'ES', 0, 1, 9.91, 236, 'TRAM'),
(2446, 'maastricht', 'NL', 'manchester', 'GB', 0, 1, 6.93, 165, 'RER'),
(2452, 'manchester', 'GB', 'palma de mallorca', 'ES', 1, 1, 176.53, 207, 'TRAIN'),
(2453, 'berlin', 'DE', 'manchester', 'GB', 0, 4, 367.98, 243, 'CAB'),
(2459, 'nantes', 'FR', 'sheffield', 'GB', 0, 1, 201.75, 141, 'PLANE'),
(2460, 'montpellier', 'FR', 'berlin', 'DE', 1, 1, 58.29, 133, 'TRAIN'),
(2461, 'strasbourg', 'FR', 'amsterdam', 'NL', 1, 1, 6.35, 281, 'SUBWAY'),
(2465, 'marseille', 'FR', 'antwerp', 'BE', 1, 1, 12.02, 103, 'SUBWAY'),
(2466, 'montpellier', 'FR', 'rotterdam', 'NL', 0, 1, 10.44, 294, 'RER'),
(2470, 'sheffield', 'GB', 'bremen', 'DE', 0, 1, 3.39, 251, 'TRAM'),
(2471, 'sheffield', 'GB', 'amsterdam', 'NL', 1, 4, 57.08, 141, 'CAR'),
(2477, 'mechelen', 'BE', 'edinburgh', 'GB', 0, 1, 729.99, 113, 'FERRY'),
(2478, 'berlin', 'DE', 'paris', 'FR', 1, 1, 364.29, 201, 'PLANE'),
(2479, 'mechelen', 'BE', 'bristol', 'GB', 0, 1, 19.68, 270, 'BUS'),
(2482, 'london', 'GB', 'bruges', 'BE', 0, 1, 2.65, 174, 'RER'),
(2483, 'tilburg', 'NL', 'marseille', 'FR', 0, 1, 10.36, 213, 'RER'),
(2486, 'utrecht', 'NL', 'marseille', 'FR', 0, 1, 6.65, 178, 'SUBWAY'),
(2487, 'montpellier', 'FR', 'lyon', 'FR', 0, 1, 9.96, 108, 'BUS'),
(2490, 'namur', 'BE', 'toulouse', 'FR', 0, 1, 9.09, 268, 'RER'),
(2491, 'berlin', 'DE', 'strasbourg', 'FR', 0, 1, 2.93, 135, 'TRAM'),
(2493, 'manchester', 'GB', 'the hague', 'NL', 1, 1, 4.63, 234, 'TRAM'),
(2494, 'nice', 'FR', 'turin', 'IT', 1, 1, 1.54, 296, 'TRAM'),
(2495, 'frankfurt', 'DE', 'lyon', 'FR', 1, 2, 472.90, 201, 'CAB'),
(2498, 'murcia', 'ES', 'glasgow', 'GB', 1, 4, 1401.67, 199, 'CAB'),
(2499, 'paris', 'FR', 'antwerp', 'BE', 1, 1, 590.74, 237, 'FERRY'),
(2504, 'bologna', 'IT', 'edinburgh', 'GB', 1, 1, 129.99, 280, 'BUS'),
(2505, 'nice', 'FR', 'liverpool', 'GB', 0, 1, 14.83, 168, 'RER'),
(2507, 'glasgow', 'GB', 'milan', 'IT', 1, 1, 2915.89, 218, 'FERRY'),
(2508, 'murcia', 'ES', 'strasbourg', 'FR', 1, 1, 66.13, 137, 'TRAIN'),
(2509, 'bordeaux', 'FR', 'liverpool', 'GB', 0, 1, 4.79, 178, 'TRAM'),
(2510, 'marseille', 'FR', 'groningen', 'NL', 0, 1, 7.53, 234, 'SUBWAY'),
(2512, 'hamburg', 'DE', 'bristol', 'GB', 0, 1, 35.11, 257, 'BUS'),
(2513, 'lyon', 'FR', 'liverpool', 'GB', 1, 1, 96.46, 294, 'BUS'),
(2514, 'bari', 'IT', 'toulouse', 'FR', 0, 1, 260.48, 244, 'PLANE'),
(2517, 'paris', 'FR', 'bologna', 'IT', 1, 1, 1647.33, 287, 'FERRY'),
(2523, 'florence', 'IT', 'birmingham', 'GB', 0, 1, 6.79, 185, 'TRAM'),
(2527, 'bruges', 'BE', 'sheffield', 'GB', 0, 1, 2.72, 120, 'SUBWAY'),
(2528, 'manchester', 'GB', 'ghent', 'BE', 0, 1, 19.39, 203, 'BUS'),
(2529, 'nantes', 'FR', 'cardiff', 'GB', 0, 1, 5.51, 148, 'RER'),
(2531, 'leuven', 'BE', 'strasbourg', 'FR', 1, 1, 7.59, 222, 'RER'),
(2532, 'bari', 'IT', 'manchester', 'GB', 0, 1, 78.72, 118, 'BUS'),
(2533, 'bordeaux', 'FR', 'toulouse', 'FR', 1, 1, 2.10, 253, 'TRAM'),
(2535, 'marseille', 'FR', 'bilbao', 'ES', 0, 3, 57.95, 149, 'CAR'),
(2536, 'liverpool', 'GB', 'utrecht', 'NL', 1, 1, 44.95, 239, 'BUS'),
(2538, 'cardiff', 'GB', 'eindhoven', 'NL', 1, 2, 504.05, 141, 'CAB'),
(2540, 'rome', 'IT', 'marseille', 'FR', 0, 5, 31.18, 200, 'CAR'),
(2541, 'florence', 'IT', 'manchester', 'GB', 0, 1, 16.49, 178, 'RER'),
(2542, 'lille', 'FR', 'murcia', 'ES', 1, 4, 1012.05, 185, 'CAB'),
(2543, 'eindhoven', 'NL', 'lille', 'FR', 1, 1, 2.60, 238, 'SUBWAY'),
(2545, 'nice', 'FR', 'manchester', 'GB', 1, 1, 12.78, 278, 'TRAM'),
(2547, 'bristol', 'GB', 'amsterdam', 'NL', 1, 1, 58.11, 176, 'TRAIN'),
(2550, 'liverpool', 'GB', 'nice', 'FR', 1, 1, 104.57, 266, 'BUS'),
(2554, 'glasgow', 'GB', 'leiden', 'NL', 1, 1, 6.96, 243, 'TRAM'),
(2557, 'london', 'GB', 'hamburg', 'DE', 0, 1, 40.02, 293, 'TRAIN'),
(2558, 'london', 'GB', 'barcelona', 'ES', 0, 1, 1115.46, 241, 'FERRY'),
(2559, 'eindhoven', 'NL', 'birmingham', 'GB', 1, 3, 387.58, 115, 'CAB'),
(2561, 'montpellier', 'FR', 'birmingham', 'GB', 1, 1, 556.12, 238, 'CAR'),
(2562, 'milan', 'IT', 'nantes', 'FR', 1, 1, 67.36, 137, 'BUS'),
(2563, 'palermo', 'IT', 'london', 'GB', 1, 1, 41.15, 226, 'RER'),
(2564, 'bordeaux', 'FR', 'barcelona', 'ES', 1, 1, 10.04, 131, 'RER'),
(2566, 'cardiff', 'GB', 'utrecht', 'NL', 0, 1, 31.89, 119, 'TRAIN'),
(2567, 'london', 'GB', 'groningen', 'NL', 1, 1, 220.36, 230, 'PLANE'),
(2571, 'manchester', 'GB', 'florence', 'IT', 1, 3, 252.08, 296, 'CAR'),
(2573, 'edinburgh', 'GB', 'düsseldorf', 'DE', 1, 1, 350.84, 236, 'PLANE'),
(2574, 'montpellier', 'FR', 'cardiff', 'GB', 0, 1, 11.53, 143, 'RER'),
(2576, 'liverpool', 'GB', 'barcelona', 'ES', 0, 1, 1362.31, 119, 'FERRY'),
(2580, 'dortmund', 'DE', 'toulouse', 'FR', 1, 1, 47.42, 227, 'TRAIN'),
(2581, 'bordeaux', 'FR', 'liverpool', 'GB', 0, 1, 6.58, 262, 'SUBWAY'),
(2585, 'paris', 'FR', 'namur', 'BE', 1, 1, 5.77, 219, 'RER'),
(2586, 'nantes', 'FR', 'leeds', 'GB', 1, 1, 9.95, 135, 'SUBWAY'),
(2587, 'venice', 'IT', 'liverpool', 'GB', 0, 4, 495.44, 281, 'CAB');
INSERT INTO `Trips` (`trip_id`, `departure_city`, `departure_country`, `destination_city`, `destination_country`, `is_round_trip`, `carpooling`, `carbon_footprint`, `mission`, `transport`) VALUES
(2593, 'toulouse', 'FR', 'maastricht', 'NL', 0, 1, 4.29, 216, 'TRAM'),
(2594, 'glasgow', 'GB', 'leuven', 'BE', 1, 1, 339.72, 108, 'PLANE'),
(2595, 'nantes', 'FR', 'alicante', 'ES', 0, 1, 4.90, 168, 'TRAM'),
(2597, 'edinburgh', 'GB', 'manchester', 'GB', 0, 1, 11.20, 162, 'BUS'),
(2599, 'cologne', 'DE', 'bristol', 'GB', 0, 1, 653.88, 293, 'FERRY'),
(2601, 'strasbourg', 'FR', 'genoa', 'IT', 1, 1, 22.71, 144, 'TRAIN'),
(2604, 'munich', 'DE', 'nice', 'FR', 0, 1, 178.16, 301, 'PLANE'),
(2607, 'nantes', 'FR', 'genoa', 'IT', 0, 1, 20.88, 102, 'TRAIN'),
(2612, 'glasgow', 'GB', 'eindhoven', 'NL', 1, 1, 338.16, 275, 'PLANE'),
(2613, 'marseille', 'FR', 'zaragoza', 'ES', 1, 1, 26.12, 244, 'TRAIN'),
(2615, 'lille', 'FR', 'liverpool', 'GB', 1, 1, 229.13, 286, 'PLANE'),
(2617, 'palma de mallorca', 'ES', 'nantes', 'FR', 1, 1, 1792.47, 285, 'FERRY'),
(2619, 'toulouse', 'FR', 'charleroi', 'BE', 1, 1, 408.86, 121, 'CAR'),
(2620, 'maastricht', 'NL', 'nice', 'FR', 0, 2, 103.99, 109, 'CAR'),
(2622, 'nantes', 'FR', 'cardiff', 'GB', 1, 1, 38.85, 203, 'BUS'),
(2624, 'montpellier', 'FR', 'amsterdam', 'NL', 0, 1, 956.61, 151, 'FERRY'),
(2625, 'bari', 'IT', 'london', 'GB', 1, 1, 39.13, 201, 'RER'),
(2628, 'bristol', 'GB', 'rome', 'IT', 0, 2, 201.91, 137, 'CAR'),
(2629, 'alicante', 'ES', 'bristol', 'GB', 0, 1, 9.98, 169, 'SUBWAY'),
(2632, 'bordeaux', 'FR', 'the hague', 'NL', 0, 1, 862.98, 264, 'FERRY'),
(2633, 'strasbourg', 'FR', 'amsterdam', 'NL', 0, 1, 145.38, 259, 'PLANE'),
(2634, 'glasgow', 'GB', 'charleroi', 'BE', 0, 5, 281.70, 178, 'CAB'),
(2637, 'leeds', 'GB', 'namur', 'BE', 0, 1, 31.79, 256, 'TRAIN'),
(2639, 'birmingham', 'GB', 'utrecht', 'NL', 1, 1, 6.52, 276, 'SUBWAY'),
(2641, 'barcelona', 'ES', 'nantes', 'FR', 0, 1, 4.85, 143, 'SUBWAY'),
(2643, 'liege', 'BE', 'liverpool', 'GB', 1, 4, 85.51, 262, 'CAR'),
(2645, 'bristol', 'GB', 'düsseldorf', 'DE', 0, 1, 25.90, 190, 'BUS'),
(2646, 'liege', 'BE', 'leeds', 'GB', 1, 5, 61.86, 279, 'CAR'),
(2649, 'sheffield', 'GB', 'rome', 'IT', 1, 1, 3219.97, 236, 'FERRY'),
(2650, 'bordeaux', 'FR', 'birmingham', 'GB', 0, 1, 9.64, 185, 'RER'),
(2653, 'leeds', 'GB', 'düsseldorf', 'DE', 1, 1, 6.25, 301, 'TRAM'),
(2655, 'glasgow', 'GB', 'nantes', 'FR', 0, 1, 23.49, 133, 'TRAIN'),
(2657, 'edinburgh', 'GB', 'the hague', 'NL', 1, 1, 280.01, 104, 'PLANE'),
(2661, 'montpellier', 'FR', 'madrid', 'ES', 1, 1, 806.67, 220, 'CAB'),
(2663, 'leeds', 'GB', 'paris', 'FR', 0, 1, 3.02, 226, 'TRAM'),
(2666, 'madrid', 'ES', 'nantes', 'FR', 0, 5, 40.13, 180, 'CAR'),
(2673, 'leiden', 'NL', 'manchester', 'GB', 0, 3, 41.02, 249, 'CAR'),
(2674, 'sheffield', 'GB', 'genoa', 'IT', 1, 2, 1052.63, 257, 'CAB'),
(2676, 'munich', 'DE', 'london', 'GB', 1, 1, 101.90, 135, 'TRAIN'),
(2680, 'nantes', 'FR', 'cologne', 'DE', 0, 1, 729.01, 171, 'FERRY'),
(2682, 'sheffield', 'GB', 'munich', 'DE', 1, 1, 86.30, 179, 'BUS'),
(2683, 'nice', 'FR', 'florence', 'IT', 0, 1, 7.69, 179, 'TRAIN'),
(2684, 'liverpool', 'GB', 'milan', 'IT', 1, 5, 128.75, 255, 'CAR'),
(2687, 'paris', 'FR', 'bologna', 'IT', 0, 1, 4.16, 161, 'TRAM'),
(2688, 'edinburgh', 'GB', 'leeds', 'GB', 0, 1, 10.41, 285, 'BUS'),
(2691, 'nice', 'FR', 'murcia', 'ES', 0, 1, 928.88, 185, 'FERRY'),
(2692, 'montpellier', 'FR', 'leuven', 'BE', 1, 1, 419.38, 141, 'CAR'),
(2693, 'cologne', 'DE', 'bristol', 'GB', 1, 1, 15.07, 116, 'RER'),
(2695, 'cardiff', 'GB', 'groningen', 'NL', 1, 1, 294.00, 127, 'PLANE'),
(2696, 'marseille', 'FR', 'manchester', 'GB', 1, 1, 17.17, 130, 'SUBWAY'),
(2699, 'strasbourg', 'FR', 'leuven', 'BE', 0, 1, 1.66, 156, 'TRAM'),
(2702, 'rome', 'IT', 'manchester', 'GB', 0, 1, 334.47, 238, 'PLANE'),
(2703, 'nantes', 'FR', 'groningen', 'NL', 1, 1, 19.89, 153, 'RER'),
(2704, 'lille', 'FR', 'alicante', 'ES', 0, 1, 360.95, 189, 'CAR'),
(2705, 'lille', 'FR', 'groningen', 'NL', 0, 4, 131.15, 257, 'CAB'),
(2706, 'bari', 'IT', 'nantes', 'FR', 0, 4, 104.28, 198, 'CAR'),
(2707, 'paris', 'FR', 'glasgow', 'GB', 1, 1, 12.19, 157, 'SUBWAY'),
(2709, 'strasbourg', 'FR', 'berlin', 'DE', 0, 1, 23.51, 256, 'BUS'),
(2712, 'marseille', 'FR', 'ghent', 'BE', 1, 1, 19.66, 290, 'RER'),
(2714, 'venice', 'IT', 'bristol', 'GB', 1, 1, 2516.02, 135, 'FERRY'),
(2715, 'bologna', 'IT', 'cardiff', 'GB', 0, 1, 73.66, 218, 'TRAIN'),
(2717, 'montpellier', 'FR', 'ghent', 'BE', 0, 1, 810.24, 117, 'FERRY'),
(2719, 'bruges', 'BE', 'bristol', 'GB', 0, 1, 16.13, 232, 'BUS'),
(2723, 'lille', 'FR', 'seville', 'ES', 1, 1, 130.37, 189, 'BUS'),
(2724, 'berlin', 'DE', 'lille', 'FR', 1, 1, 70.34, 291, 'BUS'),
(2725, 'tilburg', 'NL', 'paris', 'FR', 0, 1, 351.25, 226, 'FERRY'),
(2726, 'sheffield', 'GB', 'the hague', 'NL', 1, 1, 33.03, 234, 'BUS'),
(2727, 'edinburgh', 'GB', 'palma de mallorca', 'ES', 1, 1, 597.85, 219, 'PLANE'),
(2729, 'venice', 'IT', 'nice', 'FR', 1, 1, 202.58, 211, 'PLANE'),
(2731, 'liverpool', 'GB', 'bremen', 'DE', 0, 1, 5.34, 241, 'SUBWAY'),
(2732, 'palma de mallorca', 'ES', 'nantes', 'FR', 0, 1, 189.46, 213, 'PLANE'),
(2734, 'stuttgart', 'DE', 'strasbourg', 'FR', 0, 1, 0.53, 165, 'TRAM'),
(2735, 'tilburg', 'NL', 'glasgow', 'GB', 1, 3, 581.42, 108, 'CAB'),
(2737, 'berlin', 'DE', 'nantes', 'FR', 0, 5, 410.11, 126, 'CAB'),
(2740, 'bristol', 'GB', 'zaragoza', 'ES', 0, 1, 7.46, 263, 'SUBWAY'),
(2742, 'rotterdam', 'NL', 'nantes', 'FR', 1, 1, 9.25, 109, 'SUBWAY'),
(2744, 'paris', 'FR', 'palma de mallorca', 'ES', 1, 4, 723.97, 120, 'CAB'),
(2746, 'paris', 'FR', 'alicante', 'ES', 1, 1, 26.86, 191, 'RER'),
(2747, 'milan', 'IT', 'edinburgh', 'GB', 1, 1, 14.37, 130, 'TRAM'),
(2749, 'edinburgh', 'GB', 'liege', 'BE', 0, 4, 290.05, 184, 'CAB'),
(2750, 'bremen', 'DE', 'lille', 'FR', 1, 1, 936.83, 262, 'FERRY'),
(2753, 'palma de mallorca', 'ES', 'sheffield', 'GB', 0, 4, 549.02, 229, 'CAB'),
(2755, 'barcelona', 'ES', 'nantes', 'FR', 0, 1, 17.12, 171, 'TRAIN'),
(2759, 'birmingham', 'GB', 'lille', 'FR', 0, 3, 34.47, 134, 'CAR'),
(2762, 'bologna', 'IT', 'toulouse', 'FR', 0, 1, 3.94, 291, 'TRAM'),
(2764, 'liverpool', 'GB', 'leeds', 'GB', 1, 1, 2.37, 229, 'RER'),
(2766, 'groningen', 'NL', 'montpellier', 'FR', 0, 1, 7.39, 266, 'SUBWAY'),
(2768, 'sheffield', 'GB', 'cologne', 'DE', 1, 1, 70.53, 124, 'TRAIN'),
(2769, 'nantes', 'FR', 'düsseldorf', 'DE', 0, 1, 218.66, 259, 'PLANE'),
(2770, 'berlin', 'DE', 'leeds', 'GB', 1, 1, 22.66, 230, 'RER'),
(2772, 'bologna', 'IT', 'manchester', 'GB', 1, 1, 561.77, 151, 'PLANE'),
(2775, 'bologna', 'IT', 'bristol', 'GB', 0, 5, 66.80, 200, 'CAR'),
(2777, 'cardiff', 'GB', 'florence', 'IT', 0, 1, 9.36, 110, 'SUBWAY'),
(2779, 'leeds', 'GB', 'maastricht', 'NL', 0, 1, 27.94, 114, 'BUS'),
(2781, 'bristol', 'GB', 'munich', 'DE', 0, 1, 12.18, 261, 'RER'),
(2782, 'nantes', 'FR', 'turin', 'IT', 1, 1, 36.01, 251, 'TRAIN'),
(2784, 'the hague', 'NL', 'edinburgh', 'GB', 1, 1, 6.45, 228, 'TRAM'),
(2785, 'edinburgh', 'GB', 'tilburg', 'NL', 1, 1, 378.06, 142, 'CAR'),
(2786, 'rome', 'IT', 'marseille', 'FR', 1, 1, 8.19, 170, 'SUBWAY'),
(2788, 'montpellier', 'FR', 'liverpool', 'GB', 0, 1, 310.37, 270, 'CAR'),
(2789, 'namur', 'BE', 'strasbourg', 'FR', 0, 4, 19.09, 187, 'CAR'),
(2791, 'liverpool', 'GB', 'eindhoven', 'NL', 0, 4, 39.72, 182, 'CAR'),
(2793, 'palermo', 'IT', 'manchester', 'GB', 1, 1, 2335.79, 290, 'CAB'),
(2797, 'birmingham', 'GB', 'bari', 'IT', 0, 4, 664.22, 161, 'CAB'),
(2798, 'marseille', 'FR', 'barcelona', 'ES', 0, 5, 113.61, 163, 'CAB'),
(2799, 'manchester', 'GB', 'marseille', 'FR', 1, 1, 100.45, 292, 'BUS'),
(2804, 'lyon', 'FR', 'bari', 'IT', 1, 1, 568.00, 279, 'CAR'),
(2806, 'liege', 'BE', 'nantes', 'FR', 0, 1, 190.99, 250, 'PLANE'),
(2808, 'london', 'GB', 'brussels', 'BE', 1, 1, 3.18, 251, 'TRAM'),
(2809, 'amsterdam', 'NL', 'glasgow', 'GB', 0, 4, 45.93, 115, 'CAR'),
(2811, 'strasbourg', 'FR', 'zaragoza', 'ES', 1, 1, 419.91, 266, 'PLANE'),
(2814, 'marseille', 'FR', 'strasbourg', 'FR', 1, 1, 49.02, 102, 'BUS'),
(2815, 'birmingham', 'GB', 'brussels', 'BE', 0, 1, 458.00, 196, 'FERRY'),
(2818, 'mechelen', 'BE', 'london', 'GB', 0, 1, 182.14, 207, 'CAB'),
(2819, 'bordeaux', 'FR', 'manchester', 'GB', 1, 1, 13.16, 284, 'SUBWAY'),
(2820, 'birmingham', 'GB', 'maastricht', 'NL', 1, 1, 5.48, 235, 'TRAM'),
(2821, 'cardiff', 'GB', 'bari', 'IT', 0, 1, 13.00, 158, 'SUBWAY'),
(2822, 'bilbao', 'ES', 'marseille', 'FR', 0, 1, 657.89, 301, 'FERRY'),
(2824, 'manchester', 'GB', 'bremen', 'DE', 0, 3, 274.84, 220, 'CAB'),
(2828, 'turin', 'IT', 'manchester', 'GB', 1, 1, 2306.80, 118, 'FERRY'),
(2831, 'lille', 'FR', 'venice', 'IT', 1, 1, 71.48, 283, 'BUS'),
(2834, 'lille', 'FR', 'cardiff', 'GB', 1, 1, 873.51, 229, 'FERRY'),
(2836, 'seville', 'ES', 'paris', 'FR', 1, 1, 32.51, 118, 'RER'),
(2838, 'murcia', 'ES', 'nice', 'FR', 0, 1, 928.88, 276, 'FERRY'),
(2839, 'bordeaux', 'FR', 'seville', 'ES', 0, 1, 37.56, 129, 'BUS'),
(2840, 'düsseldorf', 'DE', 'montpellier', 'FR', 1, 1, 69.54, 245, 'BUS'),
(2841, 'toulouse', 'FR', 'rotterdam', 'NL', 1, 2, 800.69, 162, 'CAB'),
(2843, 'sheffield', 'GB', 'antwerp', 'BE', 1, 1, 6.33, 286, 'SUBWAY'),
(2844, 'venice', 'IT', 'nice', 'FR', 1, 1, 35.42, 174, 'BUS'),
(2845, 'alicante', 'ES', 'lyon', 'FR', 0, 2, 120.77, 183, 'CAR'),
(2846, 'cardiff', 'GB', 'palma de mallorca', 'ES', 0, 1, 280.13, 242, 'PLANE'),
(2849, 'liverpool', 'GB', 'leipzig', 'DE', 1, 1, 2086.95, 291, 'FERRY'),
(2850, 'manchester', 'GB', 'namur', 'BE', 1, 4, 413.94, 222, 'CAB'),
(2851, 'tilburg', 'NL', 'leeds', 'GB', 1, 1, 5.06, 218, 'TRAM'),
(2855, 'sheffield', 'GB', 'brussels', 'BE', 0, 1, 150.51, 156, 'PLANE'),
(2856, 'leeds', 'GB', 'murcia', 'ES', 1, 1, 195.10, 153, 'TRAIN'),
(2857, 'marseille', 'FR', 'utrecht', 'NL', 1, 1, 46.95, 238, 'TRAIN'),
(2858, 'venice', 'IT', 'toulouse', 'FR', 0, 4, 57.33, 209, 'CAR'),
(2859, 'ghent', 'BE', 'nantes', 'FR', 1, 1, 12.94, 255, 'RER'),
(2861, 'sheffield', 'GB', 'florence', 'IT', 1, 1, 112.70, 149, 'BUS'),
(2862, 'edinburgh', 'GB', 'lille', 'FR', 0, 1, 17.33, 293, 'TRAIN'),
(2864, 'nice', 'FR', 'zaragoza', 'ES', 0, 1, 16.89, 227, 'TRAIN'),
(2865, 'london', 'GB', 'eindhoven', 'NL', 0, 1, 2.64, 102, 'SUBWAY'),
(2867, 'bordeaux', 'FR', 'almere', 'NL', 1, 1, 88.84, 178, 'BUS'),
(2875, 'paris', 'FR', 'birmingham', 'GB', 1, 1, 223.30, 229, 'PLANE'),
(2877, 'eindhoven', 'NL', 'sheffield', 'GB', 1, 5, 348.52, 219, 'CAB'),
(2878, 'düsseldorf', 'DE', 'toulouse', 'FR', 0, 1, 44.34, 301, 'BUS'),
(2879, 'manchester', 'GB', 'bristol', 'GB', 1, 1, 443.48, 150, 'FERRY'),
(2880, 'marseille', 'FR', 'lyon', 'FR', 1, 4, 194.10, 128, 'CAB'),
(2882, 'sheffield', 'GB', 'seville', 'ES', 1, 1, 3547.89, 245, 'FERRY'),
(2884, 'palma de mallorca', 'ES', 'paris', 'FR', 0, 2, 133.66, 297, 'CAR'),
(2886, 'murcia', 'ES', 'strasbourg', 'FR', 0, 1, 6.82, 106, 'TRAM'),
(2890, 'paris', 'FR', 'almere', 'NL', 0, 1, 2.18, 190, 'TRAM'),
(2891, 'lille', 'FR', 'utrecht', 'NL', 0, 1, 8.58, 212, 'BUS'),
(2898, 'birmingham', 'GB', 'tilburg', 'NL', 1, 1, 4.84, 284, 'TRAM'),
(2902, 'nantes', 'FR', 'ghent', 'BE', 0, 1, 148.40, 244, 'CAR'),
(2904, 'stuttgart', 'DE', 'lille', 'FR', 0, 1, 2.40, 153, 'TRAM'),
(2907, 'toulouse', 'FR', 'leeds', 'GB', 1, 3, 199.06, 236, 'CAR'),
(2908, 'tilburg', 'NL', 'bordeaux', 'FR', 0, 1, 20.55, 168, 'TRAIN'),
(2909, 'liverpool', 'GB', 'rotterdam', 'NL', 1, 1, 233.76, 201, 'PLANE'),
(2910, 'liverpool', 'GB', 'palermo', 'IT', 1, 1, 199.75, 294, 'BUS'),
(2912, 'antwerp', 'BE', 'nantes', 'FR', 0, 1, 4.22, 286, 'SUBWAY'),
(2913, 'cardiff', 'GB', 'naples', 'IT', 0, 1, 20.09, 206, 'RER'),
(2915, 'rotterdam', 'NL', 'strasbourg', 'FR', 0, 1, 428.93, 134, 'FERRY'),
(2923, 'sheffield', 'GB', 'london', 'GB', 1, 1, 5.13, 298, 'RER'),
(2926, 'birmingham', 'GB', 'cardiff', 'GB', 1, 1, 158.38, 219, 'CAB'),
(2929, 'lille', 'FR', 'naples', 'IT', 1, 1, 110.59, 266, 'BUS'),
(2931, 'liverpool', 'GB', 'sheffield', 'GB', 1, 1, 52.22, 191, 'CAR'),
(2934, 'strasbourg', 'FR', 'ghent', 'BE', 0, 1, 9.56, 144, 'TRAIN'),
(2936, 'lille', 'FR', 'milan', 'IT', 0, 1, 8.27, 184, 'RER'),
(2938, 'birmingham', 'GB', 'edinburgh', 'GB', 1, 3, 295.35, 237, 'CAB'),
(2939, 'toulouse', 'FR', 'bologna', 'IT', 0, 1, 31.69, 231, 'BUS'),
(2941, 'hamburg', 'DE', 'toulouse', 'FR', 0, 1, 30.49, 170, 'TRAIN'),
(2942, 'nice', 'FR', 'leuven', 'BE', 1, 1, 342.83, 192, 'PLANE'),
(2943, 'bristol', 'GB', 'düsseldorf', 'DE', 1, 1, 8.86, 230, 'SUBWAY'),
(2944, 'tilburg', 'NL', 'nantes', 'FR', 1, 1, 32.66, 189, 'TRAIN'),
(2947, 'leeds', 'GB', 'nice', 'FR', 1, 2, 334.53, 181, 'CAR'),
(2948, 'leuven', 'BE', 'birmingham', 'GB', 1, 1, 956.71, 161, 'FERRY'),
(2955, 'london', 'GB', 'zaragoza', 'ES', 1, 1, 14.92, 124, 'SUBWAY'),
(2956, 'nice', 'FR', 'glasgow', 'GB', 0, 1, 408.85, 123, 'CAR'),
(2957, 'bordeaux', 'FR', 'lyon', 'FR', 1, 4, 56.31, 236, 'CAR'),
(2960, 'maastricht', 'NL', 'cardiff', 'GB', 0, 1, 3.08, 108, 'TRAM'),
(2962, 'birmingham', 'GB', 'liege', 'BE', 0, 1, 168.16, 203, 'PLANE'),
(2963, 'madrid', 'ES', 'lyon', 'FR', 0, 1, 36.27, 164, 'BUS'),
(2967, 'bari', 'IT', 'nice', 'FR', 0, 1, 240.74, 278, 'PLANE'),
(2969, 'bordeaux', 'FR', 'strasbourg', 'FR', 0, 1, 3.76, 122, 'TRAIN'),
(2970, 'marseille', 'FR', 'groningen', 'NL', 0, 3, 95.45, 294, 'CAR'),
(2971, 'strasbourg', 'FR', 'lyon', 'FR', 0, 1, 2.61, 186, 'SUBWAY'),
(2973, 'leiden', 'NL', 'lille', 'FR', 0, 3, 16.92, 111, 'CAR'),
(2975, 'namur', 'BE', 'toulouse', 'FR', 0, 1, 3.99, 249, 'TRAM'),
(2977, 'paris', 'FR', 'liege', 'BE', 1, 3, 229.21, 184, 'CAB'),
(2978, 'barcelona', 'ES', 'london', 'GB', 0, 1, 5.64, 240, 'TRAM'),
(2979, 'bristol', 'GB', 'rotterdam', 'NL', 1, 1, 219.48, 298, 'PLANE'),
(2980, 'edinburgh', 'GB', 'valencia', 'ES', 0, 1, 102.37, 276, 'TRAIN'),
(2981, 'edinburgh', 'GB', 'mechelen', 'BE', 0, 1, 729.99, 196, 'FERRY'),
(2982, 'leuven', 'BE', 'bordeaux', 'FR', 0, 1, 436.09, 279, 'CAB'),
(2983, 'nice', 'FR', 'murcia', 'ES', 1, 1, 12.90, 127, 'SUBWAY'),
(2984, 'sheffield', 'GB', 'naples', 'IT', 0, 1, 72.60, 118, 'BUS'),
(2986, 'montpellier', 'FR', 'málaga', 'ES', 0, 1, 11.73, 230, 'RER'),
(2987, 'sheffield', 'GB', 'madrid', 'ES', 1, 1, 579.83, 242, 'PLANE'),
(2989, 'lyon', 'FR', 'dortmund', 'DE', 1, 4, 468.45, 183, 'CAB'),
(2991, 'charleroi', 'BE', 'bristol', 'GB', 0, 1, 155.59, 145, 'PLANE'),
(2992, 'charleroi', 'BE', 'cardiff', 'GB', 1, 2, 141.49, 240, 'CAR'),
(2993, 'florence', 'IT', 'nice', 'FR', 1, 1, 214.84, 287, 'PLANE'),
(2994, 'nice', 'FR', 'seville', 'ES', 1, 1, 13.07, 280, 'TRAM'),
(2995, 'strasbourg', 'FR', 'málaga', 'ES', 0, 1, 18.59, 202, 'RER'),
(2996, 'sheffield', 'GB', 'lille', 'FR', 1, 1, 851.77, 287, 'FERRY'),
(2997, 'eindhoven', 'NL', 'leeds', 'GB', 1, 1, 7.36, 287, 'SUBWAY'),
(2998, 'manchester', 'GB', 'cologne', 'DE', 1, 1, 15.50, 246, 'RER'),
(3000, 'lille', 'FR', 'palermo', 'IT', 1, 1, 21.91, 297, 'SUBWAY'),
(3001, 'liverpool', 'GB', 'frankfurt', 'DE', 0, 1, 863.20, 155, 'FERRY'),
(3003, 'seville', 'ES', 'montpellier', 'FR', 0, 1, 1060.07, 141, 'FERRY'),
(3004, 'nice', 'FR', 'stuttgart', 'DE', 1, 3, 436.00, 238, 'CAB'),
(3006, 'ghent', 'BE', 'glasgow', 'GB', 0, 1, 5.10, 134, 'SUBWAY'),
(3007, 'berlin', 'DE', 'bordeaux', 'FR', 1, 1, 30.01, 301, 'RER'),
(3009, 'birmingham', 'GB', 'lille', 'FR', 1, 1, 3.96, 193, 'TRAM'),
(3010, 'paris', 'FR', 'lyon', 'FR', 1, 1, 8.87, 132, 'RER'),
(3011, 'tilburg', 'NL', 'nantes', 'FR', 0, 5, 35.21, 220, 'CAR'),
(3012, 'bremen', 'DE', 'birmingham', 'GB', 0, 1, 4.91, 297, 'SUBWAY'),
(3014, 'birmingham', 'GB', 'hamburg', 'DE', 0, 1, 31.99, 109, 'BUS'),
(3015, 'manchester', 'GB', 'málaga', 'ES', 1, 3, 1398.35, 133, 'CAB'),
(3019, 'turin', 'IT', 'strasbourg', 'FR', 1, 1, 5.32, 218, 'SUBWAY'),
(3020, 'birmingham', 'GB', 'zaragoza', 'ES', 1, 1, 486.97, 178, 'PLANE'),
(3021, 'zaragoza', 'ES', 'paris', 'FR', 0, 1, 33.39, 136, 'BUS'),
(3024, 'liverpool', 'GB', 'bordeaux', 'FR', 1, 2, 250.53, 290, 'CAR'),
(3025, 'montpellier', 'FR', 'dortmund', 'DE', 0, 1, 10.36, 249, 'RER'),
(3026, 'lyon', 'FR', 'paris', 'FR', 1, 3, 67.84, 139, 'CAR'),
(3032, 'glasgow', 'GB', 'toulouse', 'FR', 0, 2, 597.73, 152, 'CAB'),
(3033, 'paris', 'FR', 'bruges', 'BE', 1, 1, 301.76, 293, 'CAB'),
(3038, 'almere', 'NL', 'birmingham', 'GB', 0, 1, 22.85, 110, 'BUS'),
(3039, 'birmingham', 'GB', 'amsterdam', 'NL', 0, 1, 25.57, 167, 'TRAIN'),
(3042, 'london', 'GB', 'bordeaux', 'FR', 1, 1, 16.74, 239, 'RER'),
(3047, 'nice', 'FR', 'antwerp', 'BE', 1, 1, 8.55, 104, 'TRAM'),
(3050, 'birmingham', 'GB', 'frankfurt', 'DE', 0, 1, 43.33, 246, 'TRAIN'),
(3052, 'toulouse', 'FR', 'madrid', 'ES', 1, 1, 1083.63, 252, 'FERRY'),
(3053, 'berlin', 'DE', 'manchester', 'GB', 1, 5, 706.53, 141, 'CAB'),
(3054, 'birmingham', 'GB', 'bordeaux', 'FR', 0, 1, 5.81, 200, 'SUBWAY'),
(3055, 'stuttgart', 'DE', 'nantes', 'FR', 0, 1, 235.35, 106, 'PLANE'),
(3056, 'bruges', 'BE', 'montpellier', 'FR', 1, 1, 8.38, 102, 'TRAM'),
(3057, 'charleroi', 'BE', 'glasgow', 'GB', 1, 1, 66.64, 252, 'BUS'),
(3058, 'sheffield', 'GB', 'edinburgh', 'GB', 0, 5, 103.13, 155, 'CAB'),
(3060, 'manchester', 'GB', 'düsseldorf', 'DE', 0, 1, 4.50, 161, 'SUBWAY'),
(3064, 'nice', 'FR', 'seville', 'ES', 1, 1, 17.95, 298, 'SUBWAY'),
(3066, 'valencia', 'ES', 'cardiff', 'GB', 1, 1, 18.40, 114, 'SUBWAY'),
(3068, 'barcelona', 'ES', 'london', 'GB', 0, 1, 638.70, 197, 'CAB'),
(3069, 'amsterdam', 'NL', 'edinburgh', 'GB', 0, 1, 36.58, 266, 'TRAIN'),
(3071, 'paris', 'FR', 'rome', 'IT', 0, 1, 26.57, 228, 'TRAIN'),
(3072, 'cardiff', 'GB', 'tilburg', 'NL', 0, 3, 213.68, 244, 'CAB'),
(3073, 'barcelona', 'ES', 'london', 'GB', 1, 1, 462.90, 123, 'PLANE'),
(3075, 'birmingham', 'GB', 'leipzig', 'DE', 1, 1, 109.43, 111, 'TRAIN'),
(3079, 'strasbourg', 'FR', 'naples', 'IT', 1, 1, 9.92, 150, 'TRAM'),
(3080, 'marseille', 'FR', 'leuven', 'BE', 0, 4, 54.63, 163, 'CAR'),
(3083, 'berlin', 'DE', 'strasbourg', 'FR', 1, 1, 5.85, 145, 'TRAM'),
(3084, 'edinburgh', 'GB', 'cardiff', 'GB', 1, 1, 222.08, 263, 'PLANE'),
(3086, 'charleroi', 'BE', 'strasbourg', 'FR', 0, 1, 12.47, 284, 'BUS'),
(3087, 'bristol', 'GB', 'valencia', 'ES', 1, 1, 13.30, 117, 'TRAM'),
(3088, 'lyon', 'FR', 'marseille', 'FR', 1, 1, 22.04, 158, 'BUS'),
(3092, 'liverpool', 'GB', 'valencia', 'ES', 0, 1, 10.62, 115, 'SUBWAY'),
(3094, 'eindhoven', 'NL', 'lyon', 'FR', 1, 1, 50.40, 143, 'BUS'),
(3095, 'edinburgh', 'GB', 'bilbao', 'ES', 1, 1, 13.97, 202, 'TRAM'),
(3096, 'marseille', 'FR', 'glasgow', 'GB', 1, 1, 123.83, 300, 'BUS'),
(3097, 'brussels', 'BE', 'london', 'GB', 1, 1, 7.24, 159, 'RER'),
(3099, 'utrecht', 'NL', 'glasgow', 'GB', 1, 1, 16.73, 288, 'RER'),
(3103, 'lille', 'FR', 'palma de mallorca', 'ES', 0, 1, 248.62, 155, 'PLANE'),
(3105, 'nantes', 'FR', 'antwerp', 'BE', 0, 1, 3.07, 148, 'TRAM'),
(3109, 'paris', 'FR', 'seville', 'ES', 1, 1, 14.26, 262, 'TRAM'),
(3111, 'lyon', 'FR', 'nice', 'FR', 1, 3, 51.55, 168, 'CAR'),
(3112, 'sheffield', 'GB', 'bruges', 'BE', 0, 5, 20.71, 219, 'CAR'),
(3113, 'marseille', 'FR', 'cardiff', 'GB', 0, 1, 26.71, 193, 'TRAIN'),
(3114, 'london', 'GB', 'seville', 'ES', 1, 1, 36.91, 281, 'RER'),
(3115, 'toulouse', 'FR', 'madrid', 'ES', 0, 1, 167.69, 289, 'PLANE'),
(3116, 'marseille', 'FR', 'amsterdam', 'NL', 0, 1, 24.24, 198, 'TRAIN'),
(3117, 'paris', 'FR', 'marseille', 'FR', 0, 2, 278.15, 271, 'CAB');

--
-- Déclencheurs `Trips`
--
DELIMITER $$
CREATE TRIGGER `before_insert_trip` BEFORE INSERT ON `Trips` FOR EACH ROW BEGIN
    SET NEW.departure_city = LOWER(remove_accents(NEW.departure_city));
    SET NEW.departure_country = UPPER(remove_accents(NEW.departure_country));
    SET NEW.destination_city = LOWER(remove_accents(NEW.destination_city));
    SET NEW.destination_country = UPPER(remove_accents(NEW.destination_country));
END
$$
DELIMITER ;
DELIMITER $$
CREATE TRIGGER `before_update_trip` BEFORE UPDATE ON `Trips` FOR EACH ROW BEGIN
    SET NEW.departure_city = LOWER(remove_accents(NEW.departure_city));
    SET NEW.departure_country = UPPER(remove_accents(NEW.departure_country));
    SET NEW.destination_city = LOWER(remove_accents(NEW.destination_city));
    SET NEW.destination_country = UPPER(remove_accents(NEW.destination_country));
END
$$
DELIMITER ;

-- --------------------------------------------------------

--
-- Structure de la table `Users`
--

CREATE TABLE `Users` (
  `user_id` int NOT NULL,
  `login` varchar(50) NOT NULL,
  `password` varchar(128) NOT NULL,
  `date_joined` date NOT NULL,
  `last_login` datetime(6) NOT NULL,
  `is_active` tinyint(1) NOT NULL,
  `employee` int NOT NULL,
  `group` varchar(50) NOT NULL
) ENGINE=InnoDB DEFAULT CHARSET=utf8mb4 COLLATE=utf8mb4_0900_ai_ci;

--
-- Déchargement des données de la table `Users`
--

INSERT INTO `Users` (`user_id`, `login`, `password`, `date_joined`, `last_login`, `is_active`, `employee`, `group`) VALUES
(1, 'morris', 'pbkdf2_sha256$1000000$x7ISWZZga9zWh2mwvxYyiz$sCa60ASKjW36A3/OVi/sRL3vLMNKncsEqS2cS0SfRFg=', '2025-04-18', '2025-05-01 04:49:27.000000', 1, 164, 'STANDARD'),
(2, 'burnett', 'pbkdf2_sha256$1000000$tlCNzUDnd9HtDApEcvUkAK$bQQyVphCGkxR6IscphFWbyvNIHhr6Ht+z9TyN8z4s44=', '2023-07-05', '2024-09-09 20:36:19.000000', 0, 309, 'STANDARD'),
(3, 'rivera', 'pbkdf2_sha256$1000000$x38ifrwrwCCPkFz1VEed2h$AdwH3oauRHQIbB/r6mGw3WARwYOrY3yt5NC7Z8O2dUo=', '2025-01-29', '2025-06-21 10:56:17.000000', 1, 435, 'ADMIN'),
(4, 'hamilton', 'pbkdf2_sha256$1000000$kGPWv21eOuau04eO7TAufA$HxvjpLUsTSUUjlExz0SOX4YfYpYTvXxhC87WKVmPrGo=', '2024-10-05', '2025-06-24 21:01:56.000000', 1, 233, 'MISSIONMANAGER'),
(5, 'cantu', 'pbkdf2_sha256$1000000$Y6BBredqJmY9fsMnrBqULu$XGVQAx3+S5aDXUGs0hZep53Ghba7nTlo5nMPWVPmXmA=', '2024-01-20', '2024-04-27 14:04:14.000000', 0, 226, 'ADMIN'),
(6, 'cooke', 'pbkdf2_sha256$1000000$sSkEnlrXZUFeKHI4rg1u0k$tfSGp6Wf5XkCWgTKr3wKUALivnw9rPR9UYhIWPFzGA0=', '2024-06-17', '2025-06-03 03:02:07.000000', 1, 45, 'STANDARD'),
(7, 'allen', 'pbkdf2_sha256$1000000$f9wpUsR3lzQdvDv5Sl1XW9$/dOvfl98KV2KBfHWHVPEw5ceWqVqYIZnOH7swsPlQvw=', '2023-09-07', '2024-05-24 10:37:12.000000', 0, 383, 'STANDARD'),
(8, 'harris', 'pbkdf2_sha256$1000000$soEuyVwXmF4AphAy4yQsx2$zBSCCDA71hg+zqOdEGvq4Jt/nNbOV3yPgqEoQlhvWCg=', '2024-09-23', '2024-10-05 18:08:17.000000', 0, 31, 'STANDARD'),
(9, 'robbins', 'pbkdf2_sha256$1000000$pZwEx9Boe9P177Ky00pNM2$CHx9pgGmmwRKOfSBikUotPMqpGJj5oqOO0emqn5+OHY=', '2025-03-25', '2025-04-21 14:27:58.000000', 1, 482, 'STANDARD'),
(10, 'nelson', 'pbkdf2_sha256$1000000$KuRt9NTOA9hT6d8T0gOOiw$sBXZ0gRab3f642dYL8KP6Cl88RKfo+pBT5SH98nJL2U=', '2024-07-04', '2024-12-08 20:07:33.000000', 0, 165, 'STANDARD'),
(11, 'contreras', 'pbkdf2_sha256$1000000$cEQFS8p7DYy7fAKUAAr28l$XbB/v5WJ6cixADo9D12QaSXrmzzdiqSGFUk95rICpxw=', '2024-01-23', '2024-06-13 19:14:58.000000', 0, 412, 'STANDARD'),
(12, 'green', 'pbkdf2_sha256$1000000$4AedzxseVuCzNLpfX6zIkt$6o9YT73pdigjnIhwZWQASSFsqUV5XC4u4Kf6Uo2qCNM=', '2023-12-31', '2025-03-13 14:03:01.000000', 0, 332, 'MISSIONMANAGER'),
(13, 'spears', 'pbkdf2_sha256$1000000$wfhBvkP1yvy24kiFVC0x99$4BcO2lg9rimrg89X/69GUsl4344mbURKLLMXTnKKTQU=', '2025-05-21', '2025-05-30 10:32:39.000000', 1, 12, 'STANDARD'),
(14, 'shelton', 'pbkdf2_sha256$1000000$ENy8kuavc8KPzcXyk792S9$CiqQkPBnl6328QENh7046JhBgKDLbK4M6+QGpURQq5A=', '2024-08-23', '2024-12-05 02:31:16.000000', 1, 174, 'MISSIONMANAGER'),
(15, 'stanley', 'pbkdf2_sha256$1000000$6LbqR7ubsTaMeNPZFwpXj8$GaXf8vK9MAvj+q2cNrmkKxnZmhdm25UDaEra0BdPCKM=', '2024-12-12', '2025-01-19 02:34:07.000000', 1, 185, 'STANDARD'),
(16, 'fernandez', 'pbkdf2_sha256$1000000$zGP87NZmbRQntscXVGJICM$1WlEeLOVobVt5I+z8XJXrBreCuUMaW7SAVEO4htyiLI=', '2023-08-02', '2024-06-03 08:12:45.000000', 0, 279, 'STANDARD'),
(17, 'weiss', 'pbkdf2_sha256$1000000$Twqpg4ADjOVH2Hokkhecdc$ipI4PSskVsIf0F+eoa1iPfmw/v1686B9XDprKX776DQ=', '2024-07-02', '2024-08-25 07:27:20.000000', 1, 336, 'STANDARD'),
(18, 'may', 'pbkdf2_sha256$1000000$CvrXGVsDQeaOQAkBfC6snd$1GlttTGcoCJ5SRtccoWiRgWzYghZQQocWqNmV5rkBzs=', '2025-05-09', '2025-05-09 15:17:16.000000', 1, 180, 'STANDARD'),
(19, 'kerr', 'pbkdf2_sha256$1000000$vdvlXOSWEvMdjY1LfgztSv$vXmUFgOhLic6lSIz8qpl458v5CLQ6w/9Gc3fQpJ/pXg=', '2024-01-14', '2024-10-23 06:25:09.000000', 1, 401, 'STANDARD'),
(20, 'koch', 'pbkdf2_sha256$1000000$yewhapETFzNk8Ciz2Sytkn$YaP9mKsbCwDtpsyoGYd8gI9dV6JQm9Ujt12YOg29T0U=', '2025-01-31', '2025-04-14 20:50:25.000000', 0, 267, 'STANDARD'),
(21, 'larson', 'pbkdf2_sha256$1000000$k8Z4joY4Y60NFrSFJgKeES$mVF1bLHORgy1xSrfarrmoISgE3LW2UBztkvPQR71NKU=', '2024-03-06', '2025-04-04 06:42:19.000000', 1, 408, 'STANDARD'),
(22, 'merritt', 'pbkdf2_sha256$1000000$OjezuooiZiJgjIdZGNqbzO$JYj2IyAe0TNDwST+58xB7GJZhFwYv7qg9OvJ4FZZFi4=', '2024-03-16', '2025-03-13 12:43:48.000000', 1, 213, 'STANDARD'),
(23, 'payne', 'pbkdf2_sha256$1000000$Cxsc1FHDTXro01MNfCr3rO$P1/a1c/V3ushslWP1Dhml3pL/7e3QLn3z59fVFEuow4=', '2025-03-24', '2025-05-23 18:21:49.000000', 0, 479, 'STANDARD'),
(24, 'burke', 'pbkdf2_sha256$1000000$lRbYEQCqwh5R0pKyZV3LKk$5Bh+LhnkMdccVyvwTx5bziW4pzcSHKXzgY1DX70pGWo=', '2023-09-20', '2024-06-08 20:27:14.000000', 1, 358, 'STANDARD'),
(25, 'moore', 'pbkdf2_sha256$1000000$n0NVNUA9KTSQfD9NZvAhsy$q13Un7n4z/QbyLhKThDHNUbG6Uk4qiG1nn+VDO1Tngc=', '2025-01-14', '2025-05-30 05:24:42.000000', 0, 308, 'STANDARD'),
(26, 'sheppard', 'pbkdf2_sha256$1000000$B1O0m2ukAtLRMGSarnWNic$xWfj3ZSmTLZc1SXx5k+KLWqqi4gvjUVbhiXigbaaAsQ=', '2024-05-24', '2024-05-29 18:28:13.000000', 1, 112, 'STANDARD'),
(27, 'mercado', 'pbkdf2_sha256$1000000$M268wRhVAYxWBlRmrmsPn1$bNIgNs+p/S7yBxd5GhBs3Wl6DCrqtkB6Vi7HCZHTRtA=', '2025-06-07', '2025-06-10 04:21:53.000000', 0, 228, 'STANDARD'),
(28, 'williams', 'pbkdf2_sha256$1000000$Db0Iabosrq9iwV3gdneROp$SHGMu5oEGqHy3pbSPg45Oc6B1IqSzNAybMc/FXfOzoY=', '2025-02-10', '2025-06-14 00:55:36.000000', 0, 433, 'STANDARD'),
(29, 'whitaker', 'pbkdf2_sha256$1000000$E4VYAbBayLqRPyFuxnXYTR$60It95z/BbgMUBpDQJ7lNxd6/eB4Cz6rYPH3L4SMx5E=', '2024-12-15', '2025-03-16 04:56:37.000000', 1, 133, 'STANDARD'),
(30, 'wright', 'pbkdf2_sha256$1000000$a2M7t0F00anrItx2a1Upcm$ymABMSx+/iyxk/FHjReyAWbeW3RKWT6m/yFxB4xr/LA=', '2023-10-19', '2024-11-01 13:42:12.000000', 0, 304, 'STANDARD'),
(31, 'jordan', 'pbkdf2_sha256$1000000$Jm8KEQJeYIm6WNG8DBxZvr$Hzf50JGb6v9uB75PPFXQp7Hw2gn56lxL2w7x3snxqQE=', '2024-02-27', '2024-03-03 06:52:12.000000', 1, 413, 'STANDARD'),
(32, 'stewart', 'pbkdf2_sha256$1000000$9CiAs0yVQQejRGerF3qJLW$jqAW++6CmktMOSb0x7/NDwEaxxRVQvXgsHbccLMzqaI=', '2025-05-17', '2025-06-16 05:04:40.000000', 0, 225, 'STANDARD'),
(33, 'benson', 'pbkdf2_sha256$1000000$k2uXQG8Wiaye6XzyLlpx04$V0VIQSk/jTrvJZgrb712aP+g914hh4GURCPEByLyEGY=', '2023-10-20', '2024-10-04 17:58:11.000000', 0, 134, 'STANDARD'),
(34, 'weiss1', 'pbkdf2_sha256$1000000$VJf97z5ahYcGjrNKhJo4NK$6yd0CO2X2reyflt4Oi1s5edj7xkqj1IMmnbHZBPDXlk=', '2023-07-12', '2024-11-27 11:59:10.000000', 1, 336, 'STANDARD'),
(35, 'martin', 'pbkdf2_sha256$1000000$gB8yZOk5Go6e1LzWOoyH50$fAG/+ReD40ta6UztQ8Z6v//uy3T3E2vkylyUSXxbliA=', '2024-03-31', '2025-03-02 07:41:19.000000', 0, 381, 'STANDARD'),
(36, 'edwards', 'pbkdf2_sha256$1000000$BvOMqdpYlvD2Aq0PL96IkE$NNwAGFnYnlc0h8iAfLdjKiaXU1QuPxcZWQdJBbHKDAs=', '2024-11-24', '2025-04-07 02:35:38.000000', 0, 138, 'STANDARD'),
(37, 'guzman', 'pbkdf2_sha256$1000000$23tIiWJfzwSjiiQVxshzoy$d9QeYy3IXSWwpG5L2OsGxjQLFOqgIkZMijm+THOGla4=', '2025-01-11', '2025-03-07 22:02:52.000000', 1, 472, 'STANDARD'),
(38, 'long', 'pbkdf2_sha256$1000000$u79lveJ73oW3KvFqpCDB34$DpY4lI1yE/2yv0RF7oiqGJ/YPnVVgU6NWB0jfzEjVN0=', '2024-10-23', '2024-10-24 17:14:48.000000', 1, 230, 'STANDARD'),
(39, 'cordova', 'pbkdf2_sha256$1000000$G6okYQ8j6mh59OSfk1BxjW$TcEV6InHGSWahbirgDJNJsRVkeEqLBcjtjcKH9Tq54Y=', '2023-07-31', '2024-09-12 14:51:57.000000', 1, 460, 'STANDARD'),
(40, 'jordan1', 'pbkdf2_sha256$1000000$kqCHHHcM8bNB9tyVjEAEJq$ItI4GOVQsZH7qFhvAdpvpEruIgdmp3ODoB/4vptPI1M=', '2025-03-30', '2025-05-20 14:43:22.000000', 1, 360, 'STANDARD'),
(41, 'hicks', 'pbkdf2_sha256$1000000$qVBFPASBCldNa4jzWqdDKu$1CsAei7y4rP8MKc8dd2Mp9Eg4Dyuqz0gdVSUO9UgByw=', '2025-02-06', '2025-06-18 23:03:55.000000', 0, 468, 'STANDARD'),
(42, 'garcia', 'pbkdf2_sha256$1000000$whM9lhymDaORdBid3dscgr$PKIkE1ojfeoUShYJ6aN8Mm4Ng7z00A4sCC9tOYoneVE=', '2024-09-25', '2024-12-14 05:24:31.000000', 1, 39, 'STANDARD'),
(43, 'shah', 'pbkdf2_sha256$1000000$aHQqTO8ooALbbEm89XC0HZ$OOb8/TqS2SqsexmL+P56OiltV42GJ0XQx+nTLh84vzg=', '2023-07-31', '2024-01-14 10:32:01.000000', 1, 344, 'STANDARD'),
(44, 'reed', 'pbkdf2_sha256$1000000$sFlbx62Di2B47QlIOxDfJF$poxnx4sUkN4Q6KlGYSzkR1OBoryIzz6zNC9TmhBH3Jg=', '2025-05-10', '2025-06-13 00:50:16.000000', 1, 217, 'STANDARD'),
(45, 'ross', 'pbkdf2_sha256$1000000$QhMLJYcORbGM0pYjOWvoUv$AZsU2qulO7Rz39ay9MxP59VRdI9v1OYJkxJjMWyxL7A=', '2024-09-03', '2025-05-27 15:37:53.000000', 1, 97, 'STANDARD'),
(46, 'frederick', 'pbkdf2_sha256$1000000$pMu8rqwm70PuIbb9t7jvx0$I62vE0YTXdq8er/HLoRG5dJMDpS6JOAgpUzrz127dsg=', '2023-07-11', '2024-11-23 09:59:55.000000', 0, 345, 'STANDARD'),
(47, 'greene', 'pbkdf2_sha256$1000000$97pETBv6EUCbOVzIjSFzva$YIAU/sonva29Vge+X+0LZ5oJaHSi8LeTFmoKuzJ6Lgs=', '2024-12-21', '2025-02-08 05:08:41.000000', 1, 483, 'STANDARD'),
(48, 'bell', 'pbkdf2_sha256$1000000$Hezw6eC15CfQTssp6vfI5l$fQOOwkVkJRfmjqvJYrRTcGBgP0XuO/USKN5zZoi4Iw4=', '2024-07-02', '2024-08-18 06:44:10.000000', 0, 34, 'STANDARD'),
(49, 'edwards1', 'pbkdf2_sha256$1000000$8N6kdZIU4xr790RnySAa9K$02msXBDykjf7Y84WgNKM7XrL6oJQiMfKhhwWPVBqPlo=', '2024-07-20', '2024-10-08 12:33:21.000000', 0, 138, 'STANDARD'),
(50, 'holland', 'pbkdf2_sha256$1000000$Me7Qll5E9ur0ZeAdSwH0cL$ftipisD24lO/UwplmbVnSmSK1GpsHUlz7zTGJyTq5OM=', '2024-05-26', '2024-06-12 04:50:10.000000', 1, 480, 'STANDARD');

--
-- Index pour les tables déchargées
--

--
-- Index pour la table `django_migrations`
--
ALTER TABLE `django_migrations`
  ADD PRIMARY KEY (`id`);

--
-- Index pour la table `Employees`
--
ALTER TABLE `Employees`
  ADD PRIMARY KEY (`employee_id`),
  ADD UNIQUE KEY `email` (`email`),
  ADD KEY `Employees_status_29937ebd_fk_Status_status_name` (`status`);

--
-- Index pour la table `GroupPermissions`
--
ALTER TABLE `GroupPermissions`
  ADD PRIMARY KEY (`id`),
  ADD KEY `GroupPermissions_group_3ea35d6c_fk_Groups_group_name` (`group`),
  ADD KEY `GroupPermissions_permission_244d3ad5_fk_Permissio` (`permission`);

--
-- Index pour la table `Groups`
--
ALTER TABLE `Groups`
  ADD PRIMARY KEY (`group_name`);

--
-- Index pour la table `Missions`
--
ALTER TABLE `Missions`
  ADD PRIMARY KEY (`mission_id`),
  ADD UNIQUE KEY `mission_desc` (`mission_desc`),
  ADD KEY `Missions_employee_34dbb5de_fk_Employees_employee_id` (`employee`);

--
-- Index pour la table `Permissions`
--
ALTER TABLE `Permissions`
  ADD PRIMARY KEY (`permission_name`);

--
-- Index pour la table `Status`
--
ALTER TABLE `Status`
  ADD PRIMARY KEY (`status_name`);

--
-- Index pour la table `Transports`
--
ALTER TABLE `Transports`
  ADD PRIMARY KEY (`transport_name`);

--
-- Index pour la table `Trips`
--
ALTER TABLE `Trips`
  ADD PRIMARY KEY (`trip_id`),
  ADD KEY `Trips_mission_52117e71_fk_Missions_mission_id` (`mission`),
  ADD KEY `Trips_transport_1adb763e_fk_Transports_transport_name` (`transport`);

--
-- Index pour la table `Users`
--
ALTER TABLE `Users`
  ADD PRIMARY KEY (`user_id`),
  ADD UNIQUE KEY `login` (`login`),
  ADD KEY `Users_employee_47270ddc_fk_Employees_employee_id` (`employee`),
  ADD KEY `Users_group_36087c1a_fk_Groups_group_name` (`group`);

--
-- AUTO_INCREMENT pour les tables déchargées
--

--
-- AUTO_INCREMENT pour la table `django_migrations`
--
ALTER TABLE `django_migrations`
  MODIFY `id` int NOT NULL AUTO_INCREMENT, AUTO_INCREMENT=8;

--
-- AUTO_INCREMENT pour la table `Employees`
--
ALTER TABLE `Employees`
  MODIFY `employee_id` int NOT NULL AUTO_INCREMENT, AUTO_INCREMENT=500;

--
-- AUTO_INCREMENT pour la table `GroupPermissions`
--
ALTER TABLE `GroupPermissions`
  MODIFY `id` int NOT NULL AUTO_INCREMENT, AUTO_INCREMENT=65;

--
-- AUTO_INCREMENT pour la table `Missions`
--
ALTER TABLE `Missions`
  MODIFY `mission_id` int NOT NULL AUTO_INCREMENT, AUTO_INCREMENT=302;

--
-- AUTO_INCREMENT pour la table `Trips`
--
ALTER TABLE `Trips`
  MODIFY `trip_id` int NOT NULL AUTO_INCREMENT;

--
-- AUTO_INCREMENT pour la table `Users`
--
ALTER TABLE `Users`
  MODIFY `user_id` int NOT NULL AUTO_INCREMENT, AUTO_INCREMENT=51;

--
-- Contraintes pour les tables déchargées
--

--
-- Contraintes pour la table `Employees`
--
ALTER TABLE `Employees`
  ADD CONSTRAINT `Employees_status_29937ebd_fk_Status_status_name` FOREIGN KEY (`status`) REFERENCES `Status` (`status_name`);

--
-- Contraintes pour la table `GroupPermissions`
--
ALTER TABLE `GroupPermissions`
  ADD CONSTRAINT `GroupPermissions_group_3ea35d6c_fk_Groups_group_name` FOREIGN KEY (`group`) REFERENCES `Groups` (`group_name`),
  ADD CONSTRAINT `GroupPermissions_permission_244d3ad5_fk_Permissio` FOREIGN KEY (`permission`) REFERENCES `Permissions` (`permission_name`);

--
-- Contraintes pour la table `Missions`
--
ALTER TABLE `Missions`
  ADD CONSTRAINT `Missions_employee_34dbb5de_fk_Employees_employee_id` FOREIGN KEY (`employee`) REFERENCES `Employees` (`employee_id`);

--
-- Contraintes pour la table `Trips`
--
ALTER TABLE `Trips`
  ADD CONSTRAINT `Trips_mission_52117e71_fk_Missions_mission_id` FOREIGN KEY (`mission`) REFERENCES `Missions` (`mission_id`),
  ADD CONSTRAINT `Trips_transport_1adb763e_fk_Transports_transport_name` FOREIGN KEY (`transport`) REFERENCES `Transports` (`transport_name`);

--
-- Contraintes pour la table `Users`
--
ALTER TABLE `Users`
  ADD CONSTRAINT `Users_employee_47270ddc_fk_Employees_employee_id` FOREIGN KEY (`employee`) REFERENCES `Employees` (`employee_id`),
  ADD CONSTRAINT `Users_group_36087c1a_fk_Groups_group_name` FOREIGN KEY (`group`) REFERENCES `Groups` (`group_name`);
COMMIT;

/*!40101 SET CHARACTER_SET_CLIENT=@OLD_CHARACTER_SET_CLIENT */;
/*!40101 SET CHARACTER_SET_RESULTS=@OLD_CHARACTER_SET_RESULTS */;
/*!40101 SET COLLATION_CONNECTION=@OLD_COLLATION_CONNECTION */;
